Year,Term,TermYear,Course,Course.Title,ACP,CS,HUM,NAT,QR,SBS,Avg.GPA,Student.Enrollment
2018,Fall,2018-fa,AAS 100,Intro Asian American Studies,,US,,,,SS,3.59,2840
2018,Fall,2018-fa,AAS 105,Introduction to Arab American Studies,,US,,,,,NA,NA
2018,Fall,2018-fa,AAS 120,Intro to Asian Am Pop Culture,,US,,,,,3.23,619
2018,Fall,2018-fa,AAS 200,U.S. Race and Empire,,US,HP,,,,3.71,21
2018,Fall,2018-fa,AAS 201,US Racial & Ethnic Politics,,US,,,,SS,3.12,704
2018,Fall,2018-fa,AAS 211,Asian Americans and the Arts,,US,LA,,,,3.76,24
2018,Fall,2018-fa,AAS 215,US Citizenship Comparatively,,US,HP,,,,3.02,87
2018,Fall,2018-fa,AAS 224,Asian Am Historical Sociology,,US,,,,,NA,NA
2018,Fall,2018-fa,AAS 246,Asian American Youth in Film,,US,,,,SS,3.72,123
2018,Fall,2018-fa,AAS 258,Muslims in America,,US,,,,SS,3.81,124
2018,Fall,2018-fa,AAS 260,Intro Asian American Theatre,,US,,,,,NA,NA
2018,Fall,2018-fa,AAS 281,Constructing Race in America,,US,HP,,,,3.1,204
2018,Fall,2018-fa,AAS 283,Asian American History,,US,HP,,,,3.56,207
2018,Fall,2018-fa,AAS 286,Asian American Literature,,US,LA,,,,3.36,246
2018,Fall,2018-fa,AAS 287,Food and Asian Americans,,US,,,,SS,3.82,154
2018,Fall,2018-fa,AAS 288,Global Islam and Feminisms,,NW,,,,,NA,NA
2018,Fall,2018-fa,AAS 297,Asian Families in America,,US,,,,SS,3.69,286
2018,Fall,2018-fa,AAS 300,"Theories of Race, Gender, and Sexuality",ACP,,,,,,NA,NA
2018,Fall,2018-fa,AAS 310,Race and Cultural Diversity,ACP,US,,,,,3.2,389
2018,Fall,2018-fa,AAS 402,Asian American Education,ACP,US,,,,,3.62,386
2018,Fall,2018-fa,ABE 469,Industry-Linked Design Project,ACP,,,,,,3.59,262
2018,Fall,2018-fa,ACE 100,Agr Cons and Resource Econ,,,,,,SS,2.78,2544
2018,Fall,2018-fa,ACE 210,Environmental Economics,,,,,,SS,3.18,1337
2018,Fall,2018-fa,ACE 251,The World Food Economy,,NW,,,,SS,3.21,2122
2018,Fall,2018-fa,ACE 254,Economic Systems in Africa,,NW,,,,SS,2.93,298
2018,Fall,2018-fa,ACE 255,Economics of Food and Environmental Justice,,US,,,,SS,NA,NA
2018,Fall,2018-fa,ACE 261,Applied Statistical Methods,,,,,QR1,,2.78,868
2018,Fall,2018-fa,ACES 102,Intro Sustainable Food Systems,,,,LS,,,3.86,54
2018,Fall,2018-fa,ACES 179,History of Ag in IL Since 1860,,US,HP,,,,2.98,285
2018,Fall,2018-fa,ADV 476,Global Advertising,,WCC,,,,SS,3.54,88
2018,Fall,2018-fa,AE 443,Aerospace Systems Design II,ACP,,,,,,3.6,534
2018,Fall,2018-fa,AFAS 120,Intro to US Armed Forces,,,HP,,,,NA,NA
2018,Fall,2018-fa,AFRO 100,Intro to African American St,,US,,,,SS,3.35,482
2018,Fall,2018-fa,AFRO 101,"Black America, 1619-Present",,US,HP,,,,3.08,403
2018,Fall,2018-fa,AFRO 103,Black Women in the Diaspora,,US,,,,,3.03,335
2018,Fall,2018-fa,AFRO 105,Black Literature in America,,US,LA,,,,3.31,111
2018,Fall,2018-fa,AFRO 106,Hist Arch Americas,,US,HP,,,,3.48,150
2018,Fall,2018-fa,AFRO 132,African American Music,,US,LA,,,,3.62,55
2018,Fall,2018-fa,AFRO 201,US Racial & Ethnic Politics,,US,,,,SS,3.12,704
2018,Fall,2018-fa,AFRO 211,Intro to African-American Film,,US,,,,,NA,NA
2018,Fall,2018-fa,AFRO 212,Intro African American Theat,,US,,,,,3.19,21
2018,Fall,2018-fa,AFRO 215,US Citizenship Comparatively,,US,HP,,,,3.02,87
2018,Fall,2018-fa,AFRO 221,History of the Prison,,WCC,HP,,,,2.84,96
2018,Fall,2018-fa,AFRO 224,Humanist Persp of Afro-Am Exp,,US,LA,,,,NA,NA
2018,Fall,2018-fa,AFRO 228,Hip Hop Music: History and Culture,,US,LA,,,,NA,NA
2018,Fall,2018-fa,AFRO 231,Lang Diff Dis: American Persp,,US,,,,,3.65,75
2018,Fall,2018-fa,AFRO 243,Pan Africanism,,NW,,,,SS,NA,NA
2018,Fall,2018-fa,AFRO 250,Introduction to Health and Wellness in the Black Community,,US,,,,SS,NA,NA
2018,Fall,2018-fa,AFRO 259,Afro-American Literature I,,US,,,,,3.62,254
2018,Fall,2018-fa,AFRO 260,Afro-American Literature II,,US,,,,,3.23,52
2018,Fall,2018-fa,AFRO 261,Intro to the African Diaspora,,US,HP,,,,3.6,161
2018,Fall,2018-fa,AFRO 272,Minority Images in Amer Film,,US,LA,,,,3.59,65
2018,Fall,2018-fa,AFRO 275,Afro-American History to 1877,,US,HP,,,,3.5,137
2018,Fall,2018-fa,AFRO 276,Afro-American Hist Since 1877,,US,HP,,,,3.35,31
2018,Fall,2018-fa,AFRO 281,Constructing Race in America,,US,HP,,,,3.1,204
2018,Fall,2018-fa,AFRO 287,African-American Women,,US,HP,,,,2.85,25
2018,Fall,2018-fa,AFRO 290,Af Am Urban Hist Since 1917,,US,HP,,,,NA,NA
2018,Fall,2018-fa,AFRO 310,Race and Cultural Diversity,ACP,US,,,,,3.2,389
2018,Fall,2018-fa,AFRO 340,Dancing Black Popular Culture,,US,HP,,,,3.06,49
2018,Fall,2018-fa,AFRO 372,Class Politics & Blk Community,ACP,,,,,,3.28,97
2018,Fall,2018-fa,AFRO 400,African Diasporic Lit Americas,,US,,,,,NA,NA
2018,Fall,2018-fa,AFRO 460,Slavery in the United States,ACP,,,,,,NA,NA
2018,Fall,2018-fa,AFRO 474,"Black Freed Move, 1955-Present",ACP,,,,,,NA,NA
2018,Fall,2018-fa,AFST 103,Black Women in the Diaspora,,US,,,,,3.03,335
2018,Fall,2018-fa,AFST 209,Constr Afr and Carib Identity,,NW,,,,,NA,NA
2018,Fall,2018-fa,AFST 210,Intro to Mod African Lit,,NW,LA,,,,3.32,83
2018,Fall,2018-fa,AFST 213,African Muslim Cultures,,NW,HP,,,,NA,NA
2018,Fall,2018-fa,AFST 222,Introduction to Modern Africa,,NW,,,,,3.67,278
2018,Fall,2018-fa,AFST 243,Pan Africanism,,NW,,,,SS,NA,NA
2018,Fall,2018-fa,AFST 254,Economic Systems in Africa,,NW,,,,SS,2.93,298
2018,Fall,2018-fa,AFST 266,African Film and Society,,NW,,,,,3.23,126
2018,Fall,2018-fa,AFST 267,Memoirs of Africa,ACP,NW,,,,,NA,NA
2018,Fall,2018-fa,AGCM 220,Communicating Agriculture,ACP,,,,,,3.39,104
2018,Fall,2018-fa,AGCM 320,Public Information Campaigns,ACP,,,,,,3.39,49
2018,Fall,2018-fa,AGED 230,Leadership Communications,ACP,,,,,SS,3.49,294
2018,Fall,2018-fa,AGED 260,Intro to Leadership Studies,,,,,,SS,3.53,2559
2018,Fall,2018-fa,AGED 340,Leadership Ethics & Pluralism,,US,,,,,3.6,174
2018,Fall,2018-fa,AGED 360,Advanced Leadership Studies,,,,,,SS,3.64,138
2018,Fall,2018-fa,AIS 101,Intro to Amer Indian Studies,,US,HP,,,,3.46,1428
2018,Fall,2018-fa,AIS 102,Contemp Issues in Ind Country,,US,,,,SS,NA,NA
2018,Fall,2018-fa,AIS 140,Native Religious Traditions,,US,HP,,,,3.42,77
2018,Fall,2018-fa,AIS 165,Lang & Culture Native North Am,,NW,,,,,3.54,87
2018,Fall,2018-fa,AIS 265,Intro to American Indian Lit,,US,LA,,,,3.91,24
2018,Fall,2018-fa,AIS 275,Am Indian and Indigenous Film,,US,LA,,,,3.35,26
2018,Fall,2018-fa,AIS 277,Encounters in Native America,,US,HP,,,,3.03,55
2018,Fall,2018-fa,AIS 278,Native American History,,US,HP,,,,2.91,35
2018,Fall,2018-fa,AIS 285,Indigenous Thinkers,,NW,HP,,,,3.66,70
2018,Fall,2018-fa,AIS 288,American Indians of Illinois,,US,HP,,,,3.11,56
2018,Fall,2018-fa,AIS 295,US Citizenship Comparatively,,US,HP,,,,3.02,87
2018,Fall,2018-fa,ANSC 110,Life With Animals and Biotech,,,,LS,,,3.77,508
2018,Fall,2018-fa,ANSC 205,World Animal Resources,ACP,,,,,,3.6,513
2018,Fall,2018-fa,ANSC 207,Companion Animal Biology &Care,,,,LS,,,3.41,2438
2018,Fall,2018-fa,ANSC 250,Companion Animals in Society,,WCC,,,,,3.63,5165
2018,Fall,2018-fa,ANTH 101,Introduction to Anthropology,,WCC,,,,SS,3.17,5035
2018,Fall,2018-fa,ANTH 102,Human Origins and Culture,,,,,,SS,2.92,817
2018,Fall,2018-fa,ANTH 103,Anthro in a Changing World,,NW,,,,SS,3.18,6686
2018,Fall,2018-fa,ANTH 104,Talking Culture,,,,,,SS,3.42,265
2018,Fall,2018-fa,ANTH 105,World Archaeology,,,HP,,,,2.89,764
2018,Fall,2018-fa,ANTH 106,Hist Arch Americas,,US,HP,,,,3.48,150
2018,Fall,2018-fa,ANTH 108,Religion & Society in West I,,WCC,HP,,,,3.73,917
2018,Fall,2018-fa,ANTH 109,Religion & Society in West II,,WCC,HP,,,,3.71,596
2018,Fall,2018-fa,ANTH 130,History of South Asia,,NW,HP,,,,3.46,217
2018,Fall,2018-fa,ANTH 143,Biology of Human Behavior,,,,LS,,,3.5,10687
2018,Fall,2018-fa,ANTH 157,The Archaeology of Illinois,,,HP,,,,3.22,33
2018,Fall,2018-fa,ANTH 160,Contemporary Social Issues,,US,,,,,3.07,156
2018,Fall,2018-fa,ANTH 165,Lang & Culture Native North Am,,NW,,,,,3.54,87
2018,Fall,2018-fa,ANTH 175,Archaeology and Pop Culture,,,HP,,,,3.27,147
2018,Fall,2018-fa,ANTH 180,The Archaeology of Death,,WCC,,,,SS,3.3,2120
2018,Fall,2018-fa,ANTH 182,Latin American Cultures,,NW,,,,SS,3.12,52
2018,Fall,2018-fa,ANTH 209,"Food, Culture, and Society",,,,,,SS,3.72,2584
2018,Fall,2018-fa,ANTH 210,Families in Global Perspective,,NW,,,,SS,3.23,1025
2018,Fall,2018-fa,ANTH 222,Introduction to Modern Africa,,NW,,,,,3.67,278
2018,Fall,2018-fa,ANTH 223,Exploring African Cities,,NW,HP,,,,NA,NA
2018,Fall,2018-fa,ANTH 224,Tourist Cities and Sites,,,,,,SS,NA,NA
2018,Fall,2018-fa,ANTH 225,Women in Prehistory,,,,,,SS,3.35,28
2018,Fall,2018-fa,ANTH 241,Human Biological Variation,,,,LS,,,3.32,22
2018,Fall,2018-fa,ANTH 246,Forensic Science,,,,LS,,,3.47,2314
2018,Fall,2018-fa,ANTH 249,Evolution and Human Disease,,,,LS,,,3.47,147
2018,Fall,2018-fa,ANTH 250,The World Through Museums,,WCC,,,,SS,3.53,288
2018,Fall,2018-fa,ANTH 261,Intro to the African Diaspora,,US,HP,,,,3.6,161
2018,Fall,2018-fa,ANTH 262,Women's Lives,,,,,,SS,2.95,29
2018,Fall,2018-fa,ANTH 266,African Film and Society,,NW,,,,,3.23,126
2018,Fall,2018-fa,ANTH 267,Memoirs of Africa,ACP,NW,,,,,NA,NA
2018,Fall,2018-fa,ANTH 268,Images of the Other,ACP,WCC,HP,,,,3.16,72
2018,Fall,2018-fa,ANTH 271,Language in Culture-ACP,ACP,,,,,,3.03,36
2018,Fall,2018-fa,ANTH 277,"Ancient Cities, Sacred Land",,WCC,,,,SS,3.32,120
2018,Fall,2018-fa,ANTH 285,Intro to Korea Through Film,,NW,,,,,3.43,73
2018,Fall,2018-fa,ANTH 286,Southeast Asian Civilizations,,NW,HP,,,,NA,NA
2018,Fall,2018-fa,ANTH 288,American Indians of Illinois,,US,HP,,,,3.11,56
2018,Fall,2018-fa,ANTH 290,Jewish Cultures of the World,,NW,,,,,NA,NA
2018,Fall,2018-fa,ANTH 362,"Body, Personhood, and Culture",,,,,,SS,3.53,54
2018,Fall,2018-fa,ANTH 376,Aztec Civilization,,NW,,,,,3.04,65
2018,Fall,2018-fa,ANTH 393,The World of Jewish Sepharad,,WCC,HP,,,,3.17,116
2018,Fall,2018-fa,ANTH 414,Writing Ethnography,ACP,,,,,,3.32,21
2018,Fall,2018-fa,ARAB 150,Lang&Culture of Arab World,,NW,,,,,3.41,615
2018,Fall,2018-fa,ARCH 222,Islamic Gardens & Architecture,,NW,HP,,,,2.92,170
2018,Fall,2018-fa,ARCH 314,History of World Landscapes,ACP,WCC,HP,,,,2.69,285
2018,Fall,2018-fa,ART 100,Understanding Visual Culture,,,LA,,,,3.41,992
2018,Fall,2018-fa,ART 102,Drawing for Non-Majors,,,LA,,,,3.69,301
2018,Fall,2018-fa,ART 103,Painting for Non-Majors,,,LA,,,,3.82,121
2018,Fall,2018-fa,ART 104,Sculpture for Non-Majors,,,LA,,,,3.94,21
2018,Fall,2018-fa,ART 105,Visual Design for Non-Majors,,,LA,,,,3.77,527
2018,Fall,2018-fa,ART 140,Introduction to Art,,,LA,,,,3.67,64
2018,Fall,2018-fa,ART 205,Experience & Meaning in Design,,WCC,,,,BSC,3.5,89
2018,Fall,2018-fa,ART 208,Digital Art and Sustainability,,,LA,,,,NA,NA
2018,Fall,2018-fa,ART 221,Visual Culture of Fandoms,,,LA,,,,NA,NA
2018,Fall,2018-fa,ART 240,Learning Through Contemporary Art,,,LA,,,,NA,NA
2018,Fall,2018-fa,ART 280,Exploring Visual Culture,,WCC,LA,,,,NA,NA
2018,Fall,2018-fa,ART 310,Design Thinking,,,LA,,,,3.62,243
2018,Fall,2018-fa,ART 350,Writing with Video,,WCC,LA,,,,3.25,42
2018,Fall,2018-fa,ARTD 209,Chado (The Way of Tea),,NW,,,,,3.46,120
2018,Fall,2018-fa,ARTD 240,eWaste: Sustainable Design,,,LA,,,,NA,NA
2018,Fall,2018-fa,ARTH 110,Introduction to the History of Art and Visual Culture,,WCC,LA,,,,NA,NA
2018,Fall,2018-fa,ARTH 111,Ancient to Medieval Art,,,LA,,,,3.3,223
2018,Fall,2018-fa,ARTH 112,Renaissance to Modern Art,,,LA,,,,3.23,201
2018,Fall,2018-fa,ARTH 113,Introduction to African Art,,NW,,,,,3.24,113
2018,Fall,2018-fa,ARTH 114,Introduction to East Asian Art,,NW,,,,,2.83,128
2018,Fall,2018-fa,ARTH 115,Art in a Global Context,,NW,LA,,,,3.2,237
2018,Fall,2018-fa,ARTH 211,Design History Survey,,,LA,,,,3.46,459
2018,Fall,2018-fa,ARTH 217,Development of Ancient Cities,,WCC,HP,,,,3.5,163
2018,Fall,2018-fa,ARTH 241,"Modern Art, 1880-1940",,,LA,,,,3.26,47
2018,Fall,2018-fa,ARTH 260,Graffiti and Murals,,WCC,LA,,,,3.02,191
2018,Fall,2018-fa,ASST 104,Asian Mythology,,NW,HP,,,,3.23,2304
2018,Fall,2018-fa,ASST 208,Cultures & Literatures of South Asia,,NW,LA,,,,NA,NA
2018,Fall,2018-fa,ASST 218,S Asian Cultural Landscapes,,NW,LA,,,,3.24,225
2018,Fall,2018-fa,ASST 286,Southeast Asian Civilizations,,NW,HP,,,,NA,NA
2018,Fall,2018-fa,ASTR 100,Introduction to Astronomy,,,,PS,,,3.07,6824
2018,Fall,2018-fa,ASTR 121,Solar System and Worlds Beyond,,,,PS,QR2,,3.08,136
2018,Fall,2018-fa,ASTR 122,Stars and Galaxies,,,,PS,QR2,,3.18,2391
2018,Fall,2018-fa,ASTR 150,Killer Skies: Astro-Disasters,,,,PS,,,3.43,1625
2018,Fall,2018-fa,ASTR 210,Introduction to Astrophysics,,,,PS,,,2.95,635
2018,Fall,2018-fa,ASTR 401,Scientific Writing for Astronomy,ACP,,,,,,NA,NA
2018,Fall,2018-fa,ASTR 490,Senior Thesis,ACP,,,,,,3.85,43
2018,Fall,2018-fa,ATMS 100,Introduction to Meteorology,,,,PS,,,3.35,7627
2018,Fall,2018-fa,ATMS 120,Severe and Hazardous Weather,,,,PS,QR2,,3.8,12085
2018,Fall,2018-fa,ATMS 140,Climate and Global Change,,,,PS,,,3.31,1173
2018,Fall,2018-fa,ATMS 322,Soc Impacts Weather & Climate,,,,,,SS,3.23,176
2018,Fall,2018-fa,BCS 115,South Slavic Cultures,,NW,,,,SS,3.72,288
2018,Fall,2018-fa,BCS 215,Yugoslavia and After,,WCC,,,,,NA,NA
2018,Fall,2018-fa,BIOC 460,Biochemistry Senior Seminar,ACP,,,,,,3.38,99
2018,Fall,2018-fa,BTW 250,Principles Bus Comm,ACP,,,,,,3.56,8685
2018,Fall,2018-fa,BTW 261,Principles Tech Comm,ACP,,,,,,3.64,990
2018,Fall,2018-fa,BTW 263,Writing in the Disciplines,ACP,,,,,,NA,NA
2018,Fall,2018-fa,CHBE 101,Hidden World of Engineering,,,,PS,,,3.23,350
2018,Fall,2018-fa,CHBE 430,Unit Operations Laboratory,ACP,,,,,,3.06,1029
2018,Fall,2018-fa,CHBE 431,Process Design,ACP,,,,,,3.01,1055
2018,Fall,2018-fa,CHEM 101,Introductory Chemistry,,,,PS,,,2.72,6759
2018,Fall,2018-fa,CHEM 102,General Chemistry I,,,,PS,,,2.45,26145
2018,Fall,2018-fa,CHEM 103,General Chemistry Lab I,,,,PS,,,3.52,26212
2018,Fall,2018-fa,CHEM 104,General Chemistry II,,,,PS,,,2.61,14465
2018,Fall,2018-fa,CHEM 105,General Chemistry Lab II,,,,PS,,,3.51,14492
2018,Fall,2018-fa,CHEM 108,"Chemistry, Everyday Phenomena",,,,PS,,,3.71,222
2018,Fall,2018-fa,CHEM 202,Accelerated Chemistry I,,,,PS,,,2.68,2386
2018,Fall,2018-fa,CHEM 204,Accelerated Chemistry II,,,,PS,,,2.69,1435
2018,Fall,2018-fa,CHEM 317,Inorganic Chemistry Lab,ACP,,,,,,3.29,303
2018,Fall,2018-fa,CHEM 437,Organic Chemistry Lab,ACP,,,,,,3.18,127
2018,Fall,2018-fa,CHLH 100,Contemporary Health,,,,,,SS,3.46,5512
2018,Fall,2018-fa,CHLH 101,Introduction to Public Health,,,,,,SS,3.34,6559
2018,Fall,2018-fa,CHLH 244,Health Statistics,,,,,QR1,,2.94,695
2018,Fall,2018-fa,CHLH 260,Introduction to Medical Ethics,,,HP,,,,3.59,2504
2018,Fall,2018-fa,CHLH 274,Introduction to Epidemiology,,,,,QR1,,3.14,2823
2018,Fall,2018-fa,CHLH 304,Foundations of Health Behavior,ACP,,,,,BSC,3.62,2195
2018,Fall,2018-fa,CHLH 330,Disability in American Society,,,,,,SS,3.6,1549
2018,Fall,2018-fa,CHLH 421,Health Data Analysis,,,,,QR2,,3.57,1822
2018,Fall,2018-fa,CHP 396,Interdisciplinary Seminar ACP,ACP,,,,,,NA,NA
2018,Fall,2018-fa,CLCV 114,Introduction to Greek Culture,,WCC,LA,,,,3.21,1976
2018,Fall,2018-fa,CLCV 115,Mythology of Greece and Rome,,WCC,LA,,,,3.36,8661
2018,Fall,2018-fa,CLCV 116,The Roman Achievement,,WCC,HP,,,,3.29,1411
2018,Fall,2018-fa,CLCV 120,The Classical Tradition,,WCC,LA,,,,3.59,321
2018,Fall,2018-fa,CLCV 131,"Classical Archaeology, Greece",,WCC,HP,,,,3.35,210
2018,Fall,2018-fa,CLCV 132,"Class Archaeology, Rome-Italy",,WCC,HP,,,,3.01,264
2018,Fall,2018-fa,CLCV 160,Ancient Greek & Roman Religion,,WCC,HP,,,,3.31,211
2018,Fall,2018-fa,CLCV 203,Ancient Philosophy,,,HP,,,,3.07,1080
2018,Fall,2018-fa,CLCV 220,Origins of Western Literature,,WCC,LA,,,,3.43,124
2018,Fall,2018-fa,CLCV 221,The Heroic Tradition,,WCC,LA,,,,3.51,26
2018,Fall,2018-fa,CLCV 222,The Tragic Spirit,,WCC,LA,,,,3.67,57
2018,Fall,2018-fa,CLCV 223,"Myth,History,Fiction,Tradition",,WCC,,,,,NA,NA
2018,Fall,2018-fa,CLCV 224,American Race and Ethnicity in the Classical Tradition,,US,LA,,,,NA,NA
2018,Fall,2018-fa,CLCV 225,"Greco-Roman Demo, Econ, Cult",,WCC,HP,,,,3.69,135
2018,Fall,2018-fa,CLCV 231,Development of Ancient Cities,,WCC,HP,,,,3.5,163
2018,Fall,2018-fa,CLCV 240,Sex & Gender in Antiquity,,WCC,LA,,,,3.35,328
2018,Fall,2018-fa,CLCV 323,The Comic Imagination,ACP,WCC,LA,,,,3.32,26
2018,Fall,2018-fa,CMN 102,Intro to Comm Theory & Res,,,,,,BSC,3.12,5379
2018,Fall,2018-fa,CMN 210,Public Comm in Everyday Life,,WCC,HP,,,,2.64,42
2018,Fall,2018-fa,CMN 220,Communicating Public Policy,ACP,,,,,,3.32,610
2018,Fall,2018-fa,CMN 230,Intro to Interpersonal Comm,,,,,,SS,3.21,3283
2018,Fall,2018-fa,CMN 231,Communication and Conflict,,,,,,BSC,NA,NA
2018,Fall,2018-fa,CMN 232,Intro to Intercultural Comm,,NW,,,,SS,3.48,697
2018,Fall,2018-fa,CMN 250,Social Movement Communication,,US,,,,,2.9,119
2018,Fall,2018-fa,CMN 260,Intro to Health Communication,,WCC,,,,BSC,3.19,1559
2018,Fall,2018-fa,CMN 275,"Media, Money and Power",,WCC,HP,,,,3.04,1541
2018,Fall,2018-fa,CMN 277,Intro to Mediated Comm,,,,,,SS,2.83,1431
2018,Fall,2018-fa,CMN 280,Comm Technology & Society,,,,,,SS,3.31,454
2018,Fall,2018-fa,CPSC 112,Introduction to Crop Sciences,,,,LS,,,3.08,1283
2018,Fall,2018-fa,CPSC 113,"Environment, Agric, & Society",,WCC,,LS,,,3.38,616
2018,Fall,2018-fa,CPSC 116,The Global Food Production Web,,NW,,,,,3.83,1337
2018,Fall,2018-fa,CPSC 131,Agriculture in Mythology,,NW,,,,,3.53,1274
2018,Fall,2018-fa,CPSC 241,Intro to Applied Statistics,,,,,QR1,,2.7,248
2018,Fall,2018-fa,CPSC 261,Biotechnology in Agriculture,,,,LS,,,3.32,218
2018,Fall,2018-fa,CPSC 270,Applied Entomology,,,,LS,,,3.12,357
2018,Fall,2018-fa,CS 101,Intro Computing: Engrg & Sci,,,,,QR2,,3.19,9326
2018,Fall,2018-fa,CS 102,Little Bits to Big Ideas,,,,,QR1,,2.92,534
2018,Fall,2018-fa,CS 105,Intro Computing: Non-Tech,,,,,QR1,,3.28,10716
2018,Fall,2018-fa,CS 125,Intro to Computer Science,,,,,QR1,,3.29,6754
2018,Fall,2018-fa,CS 225,Data Structures,,,,,QR2,,3.02,7954
2018,Fall,2018-fa,CS 429,"Software Engineering II, ACP",ACP,,,,,,3.41,586
2018,Fall,2018-fa,CS 493,"Senior Project II, ACP",ACP,,,,,,3.63,373
2018,Fall,2018-fa,CS 499,Senior Thesis,ACP,,,,,,3.85,43
2018,Fall,2018-fa,CW 100,Intro to Creative Writing,,,LA,,,,3.54,142
2018,Fall,2018-fa,CW 243,Inter Expository Writing,ACP,,,,,,3.22,201
2018,Fall,2018-fa,CWL 111,Bible as Literature,,,LA,,,,2.9,436
2018,Fall,2018-fa,CWL 114,Global Consciousness and Lit,,NW,LA,,,,3.3,593
2018,Fall,2018-fa,CWL 117,Russ & E Euro Science Fiction,,,LA,,,,3.69,116
2018,Fall,2018-fa,CWL 151,Cross-Cultural Thematics,,,LA,,,,3.88,62
2018,Fall,2018-fa,CWL 189,Lit of Asia & Africa I,,NW,LA,,,,3.48,66
2018,Fall,2018-fa,CWL 190,Lit of Asia & Africa II,,NW,LA,,,,3.14,24
2018,Fall,2018-fa,CWL 201,Comparative Lit Studies,,,LA,,,,NA,NA
2018,Fall,2018-fa,CWL 202,Literature and Ideas,,WCC,LA,,,,NA,NA
2018,Fall,2018-fa,CWL 205,Islam & West Through Lit,,,LA,,,,NA,NA
2018,Fall,2018-fa,CWL 207,Indian Cinema in Context,,NW,LA,,,,3.87,876
2018,Fall,2018-fa,CWL 208,Cultures & Literatures of South Asia,,NW,LA,,,,NA,NA
2018,Fall,2018-fa,CWL 209,Jewish American and US Minority Literatures in Dialogue,,US,LA,,,,NA,NA
2018,Fall,2018-fa,CWL 210,Intro to Mod African Lit,,NW,LA,,,,3.32,83
2018,Fall,2018-fa,CWL 215,"Madness, Myth, and Murder",,,LA,,,,3.1,130
2018,Fall,2018-fa,CWL 216,Legends of King Arthur,,WCC,LA,,,,3.27,32
2018,Fall,2018-fa,CWL 220,Origins of Western Literature,,WCC,LA,,,,3.43,124
2018,Fall,2018-fa,CWL 221,Jewish Storytelling,,WCC,LA,,,,3.53,132
2018,Fall,2018-fa,CWL 223,The Qur'an (Koran),,NW,LA,,,,3.18,28
2018,Fall,2018-fa,CWL 225,Constr Afr and Carib Identity,,NW,,,,,NA,NA
2018,Fall,2018-fa,CWL 226,Humanist Persp of Afro-Am Exp,,US,LA,,,,NA,NA
2018,Fall,2018-fa,CWL 227,Golden Age of Russian Lit,,,LA,,,,2.8,23
2018,Fall,2018-fa,CWL 240,Italy Middle Ages & Renaiss,,,LA,,,,3.49,83
2018,Fall,2018-fa,CWL 241,Early Masterpieces of Western Culture,ACP,WCC,LA,,,,NA,NA
2018,Fall,2018-fa,CWL 242,Modern Masterpieces of Western Culture,,WCC,LA,,,,NA,NA
2018,Fall,2018-fa,CWL 249,Russian Lit and Revolution,,,LA,,,,2.95,44
2018,Fall,2018-fa,CWL 250,Grimms' Fairy Tales - ACP,ACP,WCC,LA,,,,3.72,120
2018,Fall,2018-fa,CWL 251,Viking Mythology,,WCC,HP,,,,3.2,880
2018,Fall,2018-fa,CWL 252,Viking Sagas in Translation,,WCC,LA,,,,3.17,197
2018,Fall,2018-fa,CWL 253,Medieval Lit and Culture,,WCC,LA,,,,3.31,410
2018,Fall,2018-fa,CWL 254,Grimm's Fairy Tales in Context,,WCC,LA,,,,3.55,291
2018,Fall,2018-fa,CWL 255,Renaissance Lit and Culture,,WCC,LA,,,,3.35,298
2018,Fall,2018-fa,CWL 257,Enlightenment Lit and Culture,,WCC,LA,,,,3.34,241
2018,Fall,2018-fa,CWL 259,Afro-American Literature I,,US,,,,,3.62,254
2018,Fall,2018-fa,CWL 260,Afro-American Literature II,,US,,,,,3.23,52
2018,Fall,2018-fa,CWL 262,Sex & Gender in Antiquity,,WCC,LA,,,,3.35,328
2018,Fall,2018-fa,CWL 263,The Heroic Tradition,,WCC,LA,,,,3.51,26
2018,Fall,2018-fa,CWL 264,The Tragic Spirit,,WCC,LA,,,,3.67,57
2018,Fall,2018-fa,CWL 266,Modern Drama II,,,LA,,,,NA,NA
2018,Fall,2018-fa,CWL 267,The Short Story,,,LA,,,,3.44,535
2018,Fall,2018-fa,CWL 269,"Brit, Amer & Contin Fiction",,,LA,,,,3.5,45
2018,Fall,2018-fa,CWL 271,The Holocaust in Context - ACP,ACP,WCC,LA,,,,3.47,122
2018,Fall,2018-fa,CWL 272,Sexuality and Literature,,,LA,,,,3.58,149
2018,Fall,2018-fa,CWL 273,The Holocaust in Context,,WCC,LA,,,,3.41,21
2018,Fall,2018-fa,CWL 275,Masterpieces of East Asian Lit,,NW,LA,,,,3.37,1053
2018,Fall,2018-fa,CWL 276,Asian Film Genres,,NW,LA,,,,3.5,30
2018,Fall,2018-fa,CWL 282,Arctic Narratives,,WCC,LA,,,,3.35,24
2018,Fall,2018-fa,CWL 283,Jewish Sacred Literature,,,LA,,,,NA,NA
2018,Fall,2018-fa,CWL 284,Modern Jewish Literature,,,LA,,,,NA,NA
2018,Fall,2018-fa,CWL 307,Classical Chinese Lit,,NW,LA,,,,3.14,29
2018,Fall,2018-fa,CWL 308,Chinese Popular Lit,,NW,LA,,,,3.61,104
2018,Fall,2018-fa,CWL 311,Japan Lit in Translation I,,NW,LA,,,,3.33,155
2018,Fall,2018-fa,CWL 312,Japan Lit in Translation II,,NW,LA,,,,3.22,78
2018,Fall,2018-fa,CWL 320,Lit Responses to the Holocaust,,WCC,LA,,,,3.44,165
2018,Fall,2018-fa,CWL 322,The Comic Imagination,ACP,WCC,LA,,,,3.32,26
2018,Fall,2018-fa,CWL 400,African Diasporic Lit Americas,,US,,,,,NA,NA
2018,Fall,2018-fa,DANC 100,Intro to Contemporary Dance,,WCC,LA,,,,3.74,2013
2018,Fall,2018-fa,DANC 200,Explore Music through Dance,,,LA,,,,3.52,51
2018,Fall,2018-fa,DANC 340,Dancing Black Popular Culture,,US,HP,,,,3.06,49
2018,Fall,2018-fa,DANC 345,Dance Anatomy and Kinesiology,,,,LS,,,NA,NA
2018,Fall,2018-fa,DANC 441,Dance History Seminar,ACP,,,,,,NA,NA
2018,Fall,2018-fa,EALC 114,Introduction to East Asian Art,,NW,,,,,2.83,128
2018,Fall,2018-fa,EALC 120,East Asian Civilizations,,NW,HP,,,,3.21,1349
2018,Fall,2018-fa,EALC 122,History East Asian Religions,,NW,HP,,,,3.66,96
2018,Fall,2018-fa,EALC 130,The Chinese Language,,NW,,,,SS,3.56,280
2018,Fall,2018-fa,EALC 132,Zen,,NW,HP,,,,3.58,491
2018,Fall,2018-fa,EALC 220,Traditional China,,NW,HP,,,,2.94,252
2018,Fall,2018-fa,EALC 221,Modern China,,NW,,,,,3.46,337
2018,Fall,2018-fa,EALC 222,Chinese Thght Confucius to Mao,,NW,HP,,,,2.81,172
2018,Fall,2018-fa,EALC 226,Premodern Japanese History,,NW,HP,,,,3.31,50
2018,Fall,2018-fa,EALC 227,Modern Japanese History,,NW,HP,,,,3.02,152
2018,Fall,2018-fa,EALC 240,Chinese Civilization,,NW,,,,,NA,NA
2018,Fall,2018-fa,EALC 250,Intro to Japanese Culture,,NW,,,,SS,3.09,1336
2018,Fall,2018-fa,EALC 275,Masterpieces of East Asian Lit,,NW,LA,,,,3.37,1053
2018,Fall,2018-fa,EALC 276,Asian Film Genres,,NW,LA,,,,3.5,30
2018,Fall,2018-fa,EALC 285,Intro to Korea Through Film,,NW,,,,,3.43,73
2018,Fall,2018-fa,EALC 287,Introduction to Buddhism,,NW,HP,,,,3.46,212
2018,Fall,2018-fa,EALC 305,Japan Lit in Translation I,,NW,LA,,,,3.33,155
2018,Fall,2018-fa,EALC 306,Japan Lit in Translation II,,NW,LA,,,,3.22,78
2018,Fall,2018-fa,EALC 307,Classical Chinese Lit,,NW,LA,,,,3.14,29
2018,Fall,2018-fa,EALC 308,Chinese Popular Lit,,NW,LA,,,,3.61,104
2018,Fall,2018-fa,EALC 361,Women in East Asia,,NW,,,,SS,3.18,28
2018,Fall,2018-fa,EALC 365,Contemporary Korean Society,,NW,,,,SS,3.62,105
2018,Fall,2018-fa,EALC 367,History of Korea,,NW,HP,,,,3.91,38
2018,Fall,2018-fa,ECE 101,Exploring Digital Info Technol,,,,PS,QR2,,3.14,135
2018,Fall,2018-fa,ECE 316,Ethics and Engineering,ACP,,HP,,,,3.66,753
2018,Fall,2018-fa,ECE 445,Senior Design Project Lab,ACP,,,,,,3.12,1945
2018,Fall,2018-fa,ECE 496,Senior Research Project,ACP,,,,,,NA,NA
2018,Fall,2018-fa,ECE 499,Senior Thesis,ACP,,,,,,3.85,43
2018,Fall,2018-fa,ECON 101,Introduction to Economics,,,,,,SS,NA,NA
2018,Fall,2018-fa,ECON 102,Microeconomic Principles,,,,,,SS,3.33,23064
2018,Fall,2018-fa,ECON 103,Macroeconomic Principles,,,,,,SS,2.86,14849
2018,Fall,2018-fa,ECON 202,Economic Statistics I,,,,,QR1,,2.93,8753
2018,Fall,2018-fa,ECON 210,Environmental Economics,,,,,,SS,3.18,1337
2018,Fall,2018-fa,ECON 451,Program Evaluation in Developing Economies,ACP,,,,,,NA,NA
2018,Fall,2018-fa,EDUC 201,Identity and Difference in Education,,US,,,,,NA,NA
2018,Fall,2018-fa,EDUC 202,"Social Justice, School & Society",ACP,,HP,,,,NA,NA
2018,Fall,2018-fa,ENGL 101,Intro to Poetry,,,LA,,,,3.37,762
2018,Fall,2018-fa,ENGL 102,Intro to Drama,,,LA,,,,3.36,278
2018,Fall,2018-fa,ENGL 103,Intro to Fiction,,,LA,,,,3.29,962
2018,Fall,2018-fa,ENGL 104,Intro to Film,,,LA,,,,3.17,3072
2018,Fall,2018-fa,ENGL 109,Intro to Fiction-ACP,ACP,,LA,,,,3.41,1899
2018,Fall,2018-fa,ENGL 110,Intro Lit Study for Non-Majors,,,LA,,,,NA,NA
2018,Fall,2018-fa,ENGL 114,Bible as Literature,,,LA,,,,2.9,436
2018,Fall,2018-fa,ENGL 115,Intro to British Literature,,WCC,LA,,,,3.46,352
2018,Fall,2018-fa,ENGL 116,Introduction to American Literature,,WCC,LA,,,,NA,NA
2018,Fall,2018-fa,ENGL 117,Shakespeare on Film,,,LA,,,,3.74,29
2018,Fall,2018-fa,ENGL 122,"Swords, Sorcery & Sex: The Middle Ages in Popular Culture",,,LA,,,,NA,NA
2018,Fall,2018-fa,ENGL 150,Black Literature in America,,US,LA,,,,3.31,111
2018,Fall,2018-fa,ENGL 200,Intro to the Study of Lit,,,LA,,,,3.4,1667
2018,Fall,2018-fa,ENGL 202,Medieval Lit and Culture,,WCC,LA,,,,3.31,410
2018,Fall,2018-fa,ENGL 204,Renaissance Lit and Culture,,WCC,LA,,,,3.35,298
2018,Fall,2018-fa,ENGL 206,Enlightenment Lit and Culture,,WCC,LA,,,,3.34,241
2018,Fall,2018-fa,ENGL 207,Romantic Lit and Culture,,WCC,LA,,,,3.34,236
2018,Fall,2018-fa,ENGL 208,Victorian Lit and Culture,,WCC,LA,,,,3.38,177
2018,Fall,2018-fa,ENGL 209,British Lit to 1800,,WCC,LA,,,,NA,NA
2018,Fall,2018-fa,ENGL 210,British Lit 1800 to Present,,WCC,LA,,,,3.42,44
2018,Fall,2018-fa,ENGL 211,Intro to Mod African Lit,,NW,LA,,,,3.32,83
2018,Fall,2018-fa,ENGL 213,Modernist Lit and Culture,,WCC,LA,,,,3.27,75
2018,Fall,2018-fa,ENGL 216,Legends of King Arthur,,WCC,LA,,,,3.27,32
2018,Fall,2018-fa,ENGL 218,Introduction to Shakespeare,,,LA,,,,3.53,696
2018,Fall,2018-fa,ENGL 220,Literature and Science,,,LA,,,,NA,NA
2018,Fall,2018-fa,ENGL 222,Jewish American and US Minority Literatures in Dialogue,,US,LA,,,,NA,NA
2018,Fall,2018-fa,ENGL 223,Jewish Storytelling,,WCC,LA,,,,3.53,132
2018,Fall,2018-fa,ENGL 225,Intro to Latina/o Literature,,US,LA,,,,3.21,354
2018,Fall,2018-fa,ENGL 241,Beginnings of Modern Poetry,,WCC,,,,,3.07,112
2018,Fall,2018-fa,ENGL 244,Modern Drama II,,,LA,,,,NA,NA
2018,Fall,2018-fa,ENGL 245,The Short Story,,,LA,,,,3.44,535
2018,Fall,2018-fa,ENGL 247,The British Novel,,WCC,LA,,,,3.34,317
2018,Fall,2018-fa,ENGL 248,"Brit, Amer & Contin Fiction",,,LA,,,,3.5,45
2018,Fall,2018-fa,ENGL 250,Nineteenth-Century American Fiction,,WCC,LA,,,,NA,NA
2018,Fall,2018-fa,ENGL 251,The American Novel Since 1914,,WCC,LA,,,,3.32,368
2018,Fall,2018-fa,ENGL 253,Topics in Lit and New Media,,,LA,,,,3.45,34
2018,Fall,2018-fa,ENGL 255,Early American Literature and Culture,,WCC,LA,,,,NA,NA
2018,Fall,2018-fa,ENGL 256,Survey of American Lit II,,WCC,LA,,,,3.7,212
2018,Fall,2018-fa,ENGL 259,Afro-American Literature I,,US,,,,,3.62,254
2018,Fall,2018-fa,ENGL 260,Afro-American Literature II,,US,,,,,3.23,52
2018,Fall,2018-fa,ENGL 265,Intro to American Indian Lit,,US,LA,,,,3.91,24
2018,Fall,2018-fa,ENGL 266,Grimm's Fairy Tales in Context,,WCC,LA,,,,3.55,291
2018,Fall,2018-fa,ENGL 267,Grimms' Fairy Tales - ACP,ACP,WCC,LA,,,,3.72,120
2018,Fall,2018-fa,ENGL 268,The Holocaust in Context - ACP,ACP,WCC,LA,,,,3.47,122
2018,Fall,2018-fa,ENGL 269,The Holocaust in Context,,WCC,LA,,,,3.41,21
2018,Fall,2018-fa,ENGL 270,American Film Genres,,,LA,,,,3.08,25
2018,Fall,2018-fa,ENGL 272,Minority Images in Amer Film,,US,LA,,,,3.59,65
2018,Fall,2018-fa,ENGL 274,Literature and Society,,,LA,,,,NA,NA
2018,Fall,2018-fa,ENGL 275,Am Indian and Indigenous Film,,US,LA,,,,3.35,26
2018,Fall,2018-fa,ENGL 276,Asian Film Genres,,NW,LA,,,,3.5,30
2018,Fall,2018-fa,ENGL 283,Jewish Sacred Literature,,,LA,,,,NA,NA
2018,Fall,2018-fa,ENGL 284,Modern Jewish Literature,,,LA,,,,NA,NA
2018,Fall,2018-fa,ENGL 285,Postcolonial Lit in English,,NW,LA,,,,3.48,136
2018,Fall,2018-fa,ENGL 286,Asian American Literature,,US,LA,,,,3.36,246
2018,Fall,2018-fa,ENGL 300,Writing About Lit Text&Culture,ACP,,,,,,3.53,24
2018,Fall,2018-fa,ENGL 330,Slavery and Identity,,US,LA,,,,3.35,49
2018,Fall,2018-fa,ENGL 359,Lit Responses to the Holocaust,,WCC,LA,,,,3.44,165
2018,Fall,2018-fa,ENGL 360,Environmental Writing,ACP,,,,,,3.38,87
2018,Fall,2018-fa,ENGL 477,Advanced Environmental Writing,ACP,,,,,,NA,NA
2018,Fall,2018-fa,ENSU 301,Soc Impacts Weather & Climate,,,,,,SS,3.23,176
2018,Fall,2018-fa,ENVS 101,Introduction to Energy Sources,,,,PS,QR2,,3.06,551
2018,Fall,2018-fa,ENVS 210,Environmental Economics,,,,,,SS,3.18,1337
2018,Fall,2018-fa,ENVS 220,Communicating Agriculture,ACP,,,,,,3.39,104
2018,Fall,2018-fa,EPOL 350,Social Learning and Knowledge,ACP,,,,,SS,NA,NA
2018,Fall,2018-fa,EPS 202,Foundations of Education-ACP,ACP,,,,,,3.76,793
2018,Fall,2018-fa,EPS 310,Race and Cultural Diversity,ACP,US,,,,,3.2,389
2018,Fall,2018-fa,EPS 380,Education and Social Justice,,US,HP,,,,NA,NA
2018,Fall,2018-fa,EPS 402,Asian American Education,ACP,US,,,,,3.62,386
2018,Fall,2018-fa,EPS 403,European Education to 1600,ACP,WCC,HP,,,,NA,NA
2018,Fall,2018-fa,EPS 404,European Education since 1600,ACP,WCC,HP,,,,NA,NA
2018,Fall,2018-fa,EPSY 201,Educational Psychology,,,,,,BSC,3.82,2987
2018,Fall,2018-fa,EPSY 202,Exploring Cultural Diversity,,US,,,,,3.51,1065
2018,Fall,2018-fa,EPSY 220,Career Theory and Practice,,,,,,BSC,3.6,1659
2018,Fall,2018-fa,EPSY 222,Language & Culture of Deaf Communities,,US,,,,SS,NA,NA
2018,Fall,2018-fa,EPSY 280,Elements of Statistics,,,,,QR1,,NA,NA
2018,Fall,2018-fa,ESE 103,Earth's Physical Systems,,,,PS,,,3.23,670
2018,Fall,2018-fa,ESE 104,Geology of the National Parks,,,,PS,,,3.46,92
2018,Fall,2018-fa,ESE 106,Geographies of Globalization,,NW,,,,SS,3.39,1343
2018,Fall,2018-fa,ESE 111,Emergence of Life,,,,LS,,,2.92,621
2018,Fall,2018-fa,ESE 117,The Oceans,,,,PS,,,3.03,1374
2018,Fall,2018-fa,ESE 118,Natural Disasters,,,,PS,,,3.05,5706
2018,Fall,2018-fa,ESE 120,Severe and Hazardous Weather,,,,PS,QR2,,3.8,12085
2018,Fall,2018-fa,ESE 140,Climate and Global Change,,,,PS,,,3.31,1173
2018,Fall,2018-fa,ESE 143,History of Life,,,,LS,,,3.14,399
2018,Fall,2018-fa,ESE 202,American Environmental History,,WCC,HP,,,,3.06,120
2018,Fall,2018-fa,ESE 208,History of the Earth System,,,,PS,,,3.06,223
2018,Fall,2018-fa,ESE 210,Social & Environmental Issues,,,,,,SS,3.28,204
2018,Fall,2018-fa,ESE 215,Resource Conflicts,,,,,,SS,NA,NA
2018,Fall,2018-fa,ESE 254,"American People, Places, & Environments",,US,,,,SS,NA,NA
2018,Fall,2018-fa,ESE 287,Environment and Society,,WCC,,,,SS,3.32,907
2018,Fall,2018-fa,ESE 360,Environmental Writing,ACP,,,,,,3.38,87
2018,Fall,2018-fa,ESE 380,GIS II: Spatial Prob Solving,,,,,QR2,,3.42,82
2018,Fall,2018-fa,ESE 465,Transportation & Sustainability,ACP,,,,,,NA,NA
2018,Fall,2018-fa,ESE 477,Advanced Environmental Writing,ACP,,,,,,NA,NA
2018,Fall,2018-fa,EURO 240,Arctic Narratives,,WCC,LA,,,,3.35,24
2018,Fall,2018-fa,FAA 110,Exploring Arts and Creativity,,,LA,,,,NA,NA
2018,Fall,2018-fa,FAA 220,Introduction to Fashion,,,LA,,,,3.87,126
2018,Fall,2018-fa,FR 156,Exploring Paris,,WCC,LA,,,,3.51,729
2018,Fall,2018-fa,FR 195,French Intellectual Tradition,,,HP,,,,NA,NA
2018,Fall,2018-fa,FR 240,Constr Afr and Carib Identity,,NW,,,,,NA,NA
2018,Fall,2018-fa,FSHN 101,Intro Food Science & Nutrition,,,,PS,,,3.23,5795
2018,Fall,2018-fa,FSHN 120,Contemporary Nutrition,,,,LS,,,3.49,10940
2018,Fall,2018-fa,GCL 101,Introduction to Energy Sources,,,,PS,QR2,,3.06,551
2018,Fall,2018-fa,GCL 124,Sustainable Earth,,,,PS,,,3.56,25
2018,Fall,2018-fa,GCL 125,Health and Wellness in Life Sciences,,,,LS,,,NA,NA
2018,Fall,2018-fa,GCL 126,Sustainability and Social Science,,,,,,SS,NA,NA
2018,Fall,2018-fa,GCL 127,History and Philosophy of Sustainable Design,,,HP,,,,NA,NA
2018,Fall,2018-fa,GCL 128,Sustainability in Fiction,,,LA,,,,NA,NA
2018,Fall,2018-fa,GCL 129,Sustainable Design,,NW,LA,,,,3.89,21
2018,Fall,2018-fa,GCL 137,Documenting Inequality,,US,LA,,,,NA,NA
2018,Fall,2018-fa,GCL 143,Mapping Inequalities,,US,,,QR2,SS,3.82,46
2018,Fall,2018-fa,GCL 144,"Stereotypes, Prejudice & Discrimination",,US,,,,BSC,NA,NA
2018,Fall,2018-fa,GCL 145,Social Justice and the Arts,,US,LA,,,,NA,NA
2018,Fall,2018-fa,GCL 146,Fundamental Causes of Disease: The HIV/AIDS Pandemic,,,,,,SS,NA,NA
2018,Fall,2018-fa,GCL 147,Social Justice in the Social Sciences,,US,,,,SS,NA,NA
2018,Fall,2018-fa,GCL 148,Historical Perspectives on Social Justice,,,HP,,,,NA,NA
2018,Fall,2018-fa,GCL 185,"Health, Wellness, and the Black Experience",,US,,,,SS,NA,NA
2018,Fall,2018-fa,GCL 186,Health and Society,,,,,,SS,NA,NA
2018,Fall,2018-fa,GCL 187,"Morality, Methods, and Medicine: Formal and Philosophical Approaches to Health in Society",,,HP,,QR2,,NA,NA
2018,Fall,2018-fa,GCL 188,Health and Wellness in Literature,,,LA,,,,NA,NA
2018,Fall,2018-fa,GCL 195,Fictions of Equality,,WCC,LA,,,,NA,NA
2018,Fall,2018-fa,GCL 200,Frameworks for Inequality,,US,HP,,,,3.56,72
2018,Fall,2018-fa,GCL 201,Frameworks for Inequality & Cultural Understanding - ACP,ACP,US,HP,,,,NA,NA
2018,Fall,2018-fa,GCL 210,"Frameworks for Sustainability, Energy, & the Environment",,WCC,HP,,,,NA,NA
2018,Fall,2018-fa,GCL 220,Frameworks for Health & Wellness: Building Healthy Communities,,WCC,HP,,,,NA,NA
2018,Fall,2018-fa,GEOG 100,Introduction to Meteorology,,,,PS,,,3.35,7627
2018,Fall,2018-fa,GEOG 101,Global Development&Environment,,NW,,,,SS,3.43,523
2018,Fall,2018-fa,GEOG 103,Earth's Physical Systems,,,,PS,,,3.23,670
2018,Fall,2018-fa,GEOG 104,Social and Cultural Geography,,,,,,SS,3.12,509
2018,Fall,2018-fa,GEOG 105,The Digital Earth,,,,,,SS,3.18,441
2018,Fall,2018-fa,GEOG 106,Geographies of Globalization,,NW,,,,SS,3.39,1343
2018,Fall,2018-fa,GEOG 204,Cities of the World,,WCC,,,,SS,3.19,644
2018,Fall,2018-fa,GEOG 210,Social & Environmental Issues,,,,,,SS,3.28,204
2018,Fall,2018-fa,GEOG 215,Resource Conflicts,,,,,,SS,NA,NA
2018,Fall,2018-fa,GEOG 221,Geographies of Global Conflict,,,,,,SS,3.18,127
2018,Fall,2018-fa,GEOG 224,Geog Patterns of Illinois,,,,,,SS,NA,NA
2018,Fall,2018-fa,GEOG 254,"American People, Places, & Environments",,US,,,,SS,NA,NA
2018,Fall,2018-fa,GEOG 280,Intro to Social Statistics,,,,,QR1,,2.92,378
2018,Fall,2018-fa,GEOG 287,Environment and Society,,WCC,,,,SS,3.32,907
2018,Fall,2018-fa,GEOG 371,Spatial Analysis,,,,,QR2,,3.01,126
2018,Fall,2018-fa,GEOG 380,GIS II: Spatial Prob Solving,,,,,QR2,,3.42,82
2018,Fall,2018-fa,GEOG 465,Transportation & Sustainability,ACP,,,,,,NA,NA
2018,Fall,2018-fa,GEOL 100,Planet Earth,,,,PS,,,3.08,2428
2018,Fall,2018-fa,GEOL 103,Planet Earth QRII,,,,PS,QR2,,3.02,268
2018,Fall,2018-fa,GEOL 104,Geology of the National Parks,,,,PS,,,3.46,92
2018,Fall,2018-fa,GEOL 107,Physical Geology,,,,PS,,,3.24,226
2018,Fall,2018-fa,GEOL 111,Emergence of Life,,,,LS,,,2.92,621
2018,Fall,2018-fa,GEOL 117,The Oceans,,,,PS,,,3.03,1374
2018,Fall,2018-fa,GEOL 118,Natural Disasters,,,,PS,,,3.05,5706
2018,Fall,2018-fa,GEOL 143,History of Life,,,,LS,,,3.14,399
2018,Fall,2018-fa,GEOL 201,History of Geology,ACP,,HP,,,,NA,NA
2018,Fall,2018-fa,GEOL 208,History of the Earth System,,,,PS,,,3.06,223
2018,Fall,2018-fa,GER 201,German Popular Culture,,WCC,LA,,,,3.41,156
2018,Fall,2018-fa,GER 205,Germany and Europe,,WCC,HP,,,,3.42,67
2018,Fall,2018-fa,GER 250,Grimms' Fairy Tales - ACP,ACP,WCC,LA,,,,3.72,120
2018,Fall,2018-fa,GER 251,Grimm's Fairy Tales in Context,,WCC,LA,,,,3.55,291
2018,Fall,2018-fa,GER 260,The Holocaust in Context - ACP,ACP,WCC,LA,,,,3.47,122
2018,Fall,2018-fa,GER 261,The Holocaust in Context,,WCC,LA,,,,3.41,21
2018,Fall,2018-fa,GER 270,Sexuality and Literature,,,LA,,,,3.58,149
2018,Fall,2018-fa,GER 331,Intro to German Literature,,,LA,,,,NA,NA
2018,Fall,2018-fa,GLBL 100,Intro to Global Studies,,WCC,,,,SS,3.51,1363
2018,Fall,2018-fa,GLBL 118,Natural Disasters,,,,PS,,,3.05,5706
2018,Fall,2018-fa,GLBL 215,Resource Conflicts,,,,,,SS,NA,NA
2018,Fall,2018-fa,GLBL 221,Geographies of Global Conflict,,,,,,SS,3.18,127
2018,Fall,2018-fa,GLBL 228,"Terrorism, Past and Present",,,HP,,,,NA,NA
2018,Fall,2018-fa,GLBL 250,Development,,NW,,,,,3.74,45
2018,Fall,2018-fa,GLBL 280,Nuclear Weapons & Arms Control,ACP,,,,,,3.47,465
2018,Fall,2018-fa,GLBL 357,Ethnic Conflict,ACP,,,,,,2.91,47
2018,Fall,2018-fa,GLBL 392,Int Diplomacy and Negotiation,ACP,,,,,,2.97,181
2018,Fall,2018-fa,GLBL 481,Writing on Technol & Security,ACP,,,,,,3.55,217
2018,Fall,2018-fa,GWS 100,Intro Gender & Women's Studies,,,,,,SS,3.09,1981
2018,Fall,2018-fa,GWS 103,Black Women in the Diaspora,,US,,,,,3.03,335
2018,Fall,2018-fa,GWS 201,"Race, Gender & Power",,WCC,,,,,3.45,222
2018,Fall,2018-fa,GWS 202,Sexualities,,WCC,,,,,3.48,408
2018,Fall,2018-fa,GWS 215,US Citizenship Comparatively,,US,HP,,,,3.02,87
2018,Fall,2018-fa,GWS 225,Women in Prehistory,,,,,,SS,3.35,28
2018,Fall,2018-fa,GWS 240,Sex & Gender in Antiquity,,WCC,LA,,,,3.35,328
2018,Fall,2018-fa,GWS 245,"Wives, Workers and Witches in Pre-Modern Europe",,WCC,HP,,,,NA,NA
2018,Fall,2018-fa,GWS 250,Gender and Representation,,,,,,SS,3.51,56
2018,Fall,2018-fa,GWS 261,Gender in a Transnational Perspective,,,,,,SS,NA,NA
2018,Fall,2018-fa,GWS 262,Women's Lives,,,,,,SS,2.95,29
2018,Fall,2018-fa,GWS 263,US History of Medicine,,WCC,HP,,,,3.25,349
2018,Fall,2018-fa,GWS 270,Sexuality and Literature,,,LA,,,,3.58,149
2018,Fall,2018-fa,GWS 285,US Gender History to 1877,,,HP,,,,3.26,43
2018,Fall,2018-fa,GWS 286,US Gender History Since 1877,,,HP,,,,3.43,137
2018,Fall,2018-fa,GWS 287,African-American Women,,US,HP,,,,2.85,25
2018,Fall,2018-fa,GWS 288,Global Islam and Feminisms,,NW,,,,,NA,NA
2018,Fall,2018-fa,GWS 305,"Theories of Race, Gender, and Sexuality",ACP,,,,,,NA,NA
2018,Fall,2018-fa,GWS 334,Brazilian Women's Lit Trans,,WCC,LA,,,,NA,NA
2018,Fall,2018-fa,GWS 356,Sex & Gender in Popular Media,,WCC,,,,,3.49,1183
2018,Fall,2018-fa,GWS 361,Women in East Asia,,NW,,,,SS,3.18,28
2018,Fall,2018-fa,GWS 380,Black Women Hist & Cultures,,NW,,,,,2.19,23
2018,Fall,2018-fa,GWS 382,Black Women & Popular Culture,,US,,,,,3.16,48
2018,Fall,2018-fa,GWS 392,Chicanas&Latinas: Self&Society,ACP,,,,,,3.63,120
2018,Fall,2018-fa,GWS 498,Senior Seminar,ACP,,,,,,NA,NA
2018,Fall,2018-fa,HDFS 105,Intro to Human Development,,,,,,BSC,3.7,5936
2018,Fall,2018-fa,HDFS 120,Intro to Family Studies,,,,,,SS,3.57,1131
2018,Fall,2018-fa,HDFS 140,Intro Gender & Women's Studies,,,,,,SS,3.09,1981
2018,Fall,2018-fa,HDFS 143,Biology of Human Behavior,,,,LS,,,3.5,10687
2018,Fall,2018-fa,HDFS 220,Families in Global Perspective,,NW,,,,SS,3.23,1025
2018,Fall,2018-fa,HDFS 221,Asian Families in America,,US,,,,SS,3.69,286
2018,Fall,2018-fa,HDFS 225,Close Relationships,,,,,,SS,3.46,510
2018,Fall,2018-fa,HDFS 259,Motor Development and Control,,,,,,BSC,3,179
2018,Fall,2018-fa,HDFS 262,"Motor Develop, Growth & Form",,,,,,BSC,3.21,1886
2018,Fall,2018-fa,HDFS 263,"Diversity in Recreation, Sport, and Tourism",,US,,,,,NA,NA
2018,Fall,2018-fa,HDFS 290,Intro to Research Methods,ACP,,,,,,3.41,504
2018,Fall,2018-fa,HDFS 322,US Latina and Latino Families,,US,,,,,NA,NA
2018,Fall,2018-fa,HIST 100,Global History,,NW,HP,,,,3.31,2192
2018,Fall,2018-fa,HIST 101,History Now!,,,HP,,,,3.45,88
2018,Fall,2018-fa,HIST 104,Black Music,,US,HP,,,,3.35,67
2018,Fall,2018-fa,HIST 105,Latin America to Independence,,NW,HP,,,,3.26,273
2018,Fall,2018-fa,HIST 106,Modern Latin America,,NW,HP,,,,3.14,251
2018,Fall,2018-fa,HIST 110,History of Africa,,NW,HP,,,,3.32,366
2018,Fall,2018-fa,HIST 120,East Asian Civilizations,,NW,HP,,,,3.21,1349
2018,Fall,2018-fa,HIST 130,History of South Asia,,NW,HP,,,,3.46,217
2018,Fall,2018-fa,HIST 135,History of Islamic Middle East,,NW,HP,,,,3.14,118
2018,Fall,2018-fa,HIST 140,Western Civ to 1660-ACP,ACP,WCC,HP,,,,NA,NA
2018,Fall,2018-fa,HIST 141,Western Civ to 1660,,WCC,HP,,,,3.01,1049
2018,Fall,2018-fa,HIST 142,Western Civ Since 1660,,WCC,HP,,,,3.22,589
2018,Fall,2018-fa,HIST 143,Western Civ Since 1660-ACP,ACP,WCC,HP,,,,NA,NA
2018,Fall,2018-fa,HIST 164,The Automobile,,WCC,HP,,,,3.78,169
2018,Fall,2018-fa,HIST 168,A History of Judaism,ACP,,HP,,,,3.43,404
2018,Fall,2018-fa,HIST 170,US Hist to 1877-ACP,ACP,WCC,HP,,,,NA,NA
2018,Fall,2018-fa,HIST 171,US Hist to 1877,,WCC,HP,,,,3.18,816
2018,Fall,2018-fa,HIST 172,US Hist Since 1877,,WCC,HP,,,,3.23,1640
2018,Fall,2018-fa,HIST 173,US Hist Since 1877-ACP,ACP,WCC,HP,,,,NA,NA
2018,Fall,2018-fa,HIST 174,"Black America, 1619-Present",,US,HP,,,,3.08,403
2018,Fall,2018-fa,HIST 202,American Environmental History,,WCC,HP,,,,3.06,120
2018,Fall,2018-fa,HIST 203,Reacting to the Past,,,HP,,,,3.27,68
2018,Fall,2018-fa,HIST 205,LatAm Hist: Primary Accounts,,NW,HP,,,,NA,NA
2018,Fall,2018-fa,HIST 207,Publishing the Past,,,HP,,,,NA,NA
2018,Fall,2018-fa,HIST 211,History of Southern Africa,,NW,HP,,,,3.55,130
2018,Fall,2018-fa,HIST 212,History of Eastern Africa,,NW,HP,,,,2.86,63
2018,Fall,2018-fa,HIST 213,African Muslim Cultures,,NW,HP,,,,NA,NA
2018,Fall,2018-fa,HIST 219,History of the Prison,,WCC,HP,,,,2.84,96
2018,Fall,2018-fa,HIST 220,Traditional China,,NW,HP,,,,2.94,252
2018,Fall,2018-fa,HIST 221,Modern China,,NW,,,,,3.46,337
2018,Fall,2018-fa,HIST 222,Chinese Thght Confucius to Mao,,NW,HP,,,,2.81,172
2018,Fall,2018-fa,HIST 225,Southeast Asian Civilizations,,NW,HP,,,,NA,NA
2018,Fall,2018-fa,HIST 226,Premodern Japanese History,,NW,HP,,,,3.31,50
2018,Fall,2018-fa,HIST 227,Modern Japanese History,,NW,HP,,,,3.02,152
2018,Fall,2018-fa,HIST 241,History of Ancient Rome,,WCC,HP,,,,3.43,809
2018,Fall,2018-fa,HIST 245,"Wives, Workers and Witches in Pre-Modern Europe",,WCC,HP,,,,NA,NA
2018,Fall,2018-fa,HIST 247,Medieval Europe,,WCC,HP,,,,2.68,89
2018,Fall,2018-fa,HIST 252,The Holocaust,,WCC,HP,,,,3.31,286
2018,Fall,2018-fa,HIST 253,Enlightenment to Existentialsm,,WCC,HP,,,,3.66,138
2018,Fall,2018-fa,HIST 254,Vikings to Volvos: Scandinavia,,WCC,LA,,,,3.54,31
2018,Fall,2018-fa,HIST 255,British Isles to 1688,,WCC,HP,,,,2.87,265
2018,Fall,2018-fa,HIST 256,Britain and World Since 1688,,WCC,HP,,,,3.12,114
2018,Fall,2018-fa,HIST 257,"Terrorism, Past and Present",,,HP,,,,NA,NA
2018,Fall,2018-fa,HIST 258,20thC World to Midcentury,,WCC,HP,,,,2.92,269
2018,Fall,2018-fa,HIST 259,20thC World from Midcentury,,WCC,HP,,,,3.2,547
2018,Fall,2018-fa,HIST 260,History of Russia,,WCC,HP,,,,3.16,241
2018,Fall,2018-fa,HIST 261,Intro Russian-Jewish Culture,,WCC,HP,,,,NA,NA
2018,Fall,2018-fa,HIST 263,US History of Medicine,,WCC,HP,,,,3.25,349
2018,Fall,2018-fa,HIST 264,Technology in Western Society,,WCC,HP,,,,3.35,216
2018,Fall,2018-fa,HIST 265,Science in Western Civ,,WCC,HP,,,,3.32,21
2018,Fall,2018-fa,HIST 269,Jewish History Since 1700,,WCC,HP,,,,3.53,141
2018,Fall,2018-fa,HIST 270,United States History to 1815,,WCC,HP,,,,3.2,34
2018,Fall,2018-fa,HIST 271,Nineteenth Century America,,WCC,HP,,,,2.98,328
2018,Fall,2018-fa,HIST 272,Twentieth Century America,,WCC,HP,,,,3.02,233
2018,Fall,2018-fa,HIST 273,Illinois History,,,HP,,,,3.15,652
2018,Fall,2018-fa,HIST 274,US & World Since 1917,,WCC,HP,,,,3.23,299
2018,Fall,2018-fa,HIST 275,Afro-American History to 1877,,US,HP,,,,3.5,137
2018,Fall,2018-fa,HIST 276,Afro-American Hist Since 1877,,US,HP,,,,3.35,31
2018,Fall,2018-fa,HIST 277,Encounters in Native America,,US,HP,,,,3.03,55
2018,Fall,2018-fa,HIST 278,Native American History,,US,HP,,,,2.91,35
2018,Fall,2018-fa,HIST 279,Mexican-American History,,US,HP,,,,3.44,178
2018,Fall,2018-fa,HIST 280,Caribbean Latina/o Migration,,US,HP,,,,3.62,179
2018,Fall,2018-fa,HIST 281,Constructing Race in America,,US,HP,,,,3.1,204
2018,Fall,2018-fa,HIST 283,Asian American History,,US,HP,,,,3.56,207
2018,Fall,2018-fa,HIST 284,Af Am Urban Hist Since 1917,,US,HP,,,,NA,NA
2018,Fall,2018-fa,HIST 285,US Gender History to 1877,,,HP,,,,3.26,43
2018,Fall,2018-fa,HIST 286,US Gender History Since 1877,,,HP,,,,3.43,137
2018,Fall,2018-fa,HIST 287,African-American Women,,US,HP,,,,2.85,25
2018,Fall,2018-fa,HIST 288,American Indians of Illinois,,US,HP,,,,3.11,56
2018,Fall,2018-fa,HIST 289,History of Religion in America,,,HP,,,,3.19,56
2018,Fall,2018-fa,HIST 290,"Religion, Violence & America",,WCC,,,,,3.02,68
2018,Fall,2018-fa,HIST 293,The President and the People,,WCC,HP,,,,NA,NA
2018,Fall,2018-fa,HIST 325,History of Korea,,NW,HP,,,,3.91,38
2018,Fall,2018-fa,HIST 384,Class Politics & Blk Community,ACP,,,,,,3.28,97
2018,Fall,2018-fa,HIST 393,The World of Jewish Sepharad,,WCC,HP,,,,3.17,116
2018,Fall,2018-fa,HIST 444,European Education to 1600,ACP,WCC,HP,,,,NA,NA
2018,Fall,2018-fa,HIST 457,European Education since 1600,ACP,WCC,HP,,,,NA,NA
2018,Fall,2018-fa,HIST 478,"Black Freed Move, 1955-Present",ACP,,,,,,NA,NA
2018,Fall,2018-fa,HIST 482,Slavery in the United States,ACP,,,,,,NA,NA
2018,Fall,2018-fa,HIST 492,Historiography and Methodology,ACP,,,,,,NA,NA
2018,Fall,2018-fa,HIST 495,Honors Research & Writing Sem,ACP,,,,,,NA,NA
2018,Fall,2018-fa,HIST 498,Research and Writing Seminar,ACP,,,,,,NA,NA
2018,Fall,2018-fa,HNDI 115,Language and Culture in India,,NW,,,,,3.74,228
2018,Fall,2018-fa,HORT 261,Biotechnology in Agriculture,,,,LS,,,3.32,218
2018,Fall,2018-fa,IB 100,Biology in Today's World,,,,LS,,,2.82,823
2018,Fall,2018-fa,IB 103,Introduction to Plant Biology,,,,LS,,,2.51,688
2018,Fall,2018-fa,IB 105,Environmental Biology,,,,LS,,,3.34,6494
2018,Fall,2018-fa,IB 108,The Biology of Dinosaurs,,,,LS,,,3.04,63
2018,Fall,2018-fa,IB 150,Organismal & Evolutionary Biol,,,,LS,,,3.25,2207
2018,Fall,2018-fa,IB 203,Ecology,ACP,,,,,,NA,NA
2018,Fall,2018-fa,IB 220,Applied Entomology,,,,LS,,,3.12,357
2018,Fall,2018-fa,IB 271,Organismal Biology,ACP,,,,,,3.48,24
2018,Fall,2018-fa,IHLT 230,Leadership in Health,,,,,,SS,3.79,29
2018,Fall,2018-fa,IHLT 232,Health Disparities in the U.S.,,US,,,,,3.59,29
2018,Fall,2018-fa,IHLT 240,Aging and Health Policy,,,,,,BSC,3.78,21
2018,Fall,2018-fa,INFO 102,Little Bits to Big Ideas,,,,,QR1,,2.92,534
2018,Fall,2018-fa,INFO 202,Social Aspects Info Tech,,,,,,SS,3.34,944
2018,Fall,2018-fa,INFO 303,Writing Across Media,ACP,,,,,,NA,NA
2018,Fall,2018-fa,IS 202,Social Aspects Info Tech,,,,,,SS,3.34,944
2018,Fall,2018-fa,ITAL 156,Exploring Rome: History and Culture of the Eternal City,,WCC,LA,,,,NA,NA
2018,Fall,2018-fa,ITAL 240,Italy Middle Ages & Renaiss,,,LA,,,,3.49,83
2018,Fall,2018-fa,ITAL 270,Introduction to Italian Cinema,,,LA,,,,NA,NA
2018,Fall,2018-fa,JOUR 200,Introduction to Journalism,ACP,,,,,,3.31,2980
2018,Fall,2018-fa,JOUR 451,Research Methods in Journalism,,,,,QR2,,NA,NA
2018,Fall,2018-fa,JOUR 452,Great Books of Journalism,,US,LA,,,,3.35,68
2018,Fall,2018-fa,JS 108,Religion & Society in West I,,WCC,HP,,,,3.73,917
2018,Fall,2018-fa,JS 201,History of Antisemitism,,WCC,HP,,,,NA,NA
2018,Fall,2018-fa,JS 209,Jewish American and US Minority Literatures in Dialogue,,US,LA,,,,NA,NA
2018,Fall,2018-fa,JS 220,Jewish Storytelling,,WCC,LA,,,,3.53,132
2018,Fall,2018-fa,JS 252,The Holocaust,,WCC,HP,,,,3.31,286
2018,Fall,2018-fa,JS 320,Lit Responses to the Holocaust,,WCC,LA,,,,3.44,165
2018,Fall,2018-fa,KIN 140,Social Sci of Human Movement,,,,,,SS,3.12,2105
2018,Fall,2018-fa,KIN 150,Bioscience of Human Movement,,,,LS,,,3.2,1995
2018,Fall,2018-fa,KIN 230,"Diversity in Recreation, Sport, and Tourism",,US,,,,,NA,NA
2018,Fall,2018-fa,KIN 249,Sport & Modern Society,,,,,,SS,3.47,3715
2018,Fall,2018-fa,KIN 259,Motor Development and Control,,,,,,BSC,3,179
2018,Fall,2018-fa,KIN 262,"Motor Develop, Growth & Form",,,,,,BSC,3.21,1886
2018,Fall,2018-fa,KIN 340,Soc & Psych of Phys Activity,ACP,,,,,,3.33,2023
2018,Fall,2018-fa,KIN 401,Measure & Eval in Kinesiology,,,,,QR2,,3.39,731
2018,Fall,2018-fa,LA 212,Water and Society,,WCC,HP,,,,3.17,98
2018,Fall,2018-fa,LA 218,S Asian Cultural Landscapes,,NW,LA,,,,3.24,225
2018,Fall,2018-fa,LA 220,Exploring African Cities,,NW,HP,,,,NA,NA
2018,Fall,2018-fa,LA 221,History of the Prison,,WCC,HP,,,,2.84,96
2018,Fall,2018-fa,LA 222,Islamic Gardens & Architecture,,NW,HP,,,,2.92,170
2018,Fall,2018-fa,LA 242,Nature and American Culture,,WCC,,,,,3.44,2802
2018,Fall,2018-fa,LA 250,Environmental Site Analysis,,,,PS,,,3.23,75
2018,Fall,2018-fa,LA 314,History of World Landscapes,ACP,WCC,HP,,,,2.69,285
2018,Fall,2018-fa,LAST 170,Introduction to Latin America,,NW,,,,SS,3.62,1873
2018,Fall,2018-fa,LAST 240,Constr Afr and Carib Identity,,NW,,,,,NA,NA
2018,Fall,2018-fa,LAW 301,Introduction to Law,,,HP,,,,3.51,1152
2018,Fall,2018-fa,LAW 302,Transitional Justice,,US,HP,,,,3,24
2018,Fall,2018-fa,LER 100,Introduction to Labor Studies,,,,,,SS,2.63,6251
2018,Fall,2018-fa,LING 100,Intro to Language Science,,,,,,SS,3.49,1378
2018,Fall,2018-fa,LING 104,Talking Culture,,,,,,SS,3.42,265
2018,Fall,2018-fa,LING 105,Language in Daily Life,,,,,,SS,3.46,148
2018,Fall,2018-fa,LING 111,Language in Globalization,,NW,,,,,3.6,1842
2018,Fall,2018-fa,LING 115,Language and Culture in India,,NW,,,,,3.74,228
2018,Fall,2018-fa,LING 210,Language History,,,HP,,,,3.54,449
2018,Fall,2018-fa,LING 225,"Language, Mind, and Brain",,,,,,BSC,2.85,142
2018,Fall,2018-fa,LING 240,Language in Human History,,,HP,,,,NA,NA
2018,Fall,2018-fa,LING 250,Language Diversity in the USA,,,,,,SS,3.36,289
2018,Fall,2018-fa,LING 270,"Language, Technology & Society",,WCC,,,,BSC,3.72,167
2018,Fall,2018-fa,LING 301,Elements of Syntax,ACP,,,,,,3.22,305
2018,Fall,2018-fa,LLS 100,Intro Latina/Latino Studies,,US,,,,SS,3.51,661
2018,Fall,2018-fa,LLS 200,U.S. Race and Empire,,US,HP,,,,3.71,21
2018,Fall,2018-fa,LLS 201,US Racial & Ethnic Politics,,US,,,,SS,3.12,704
2018,Fall,2018-fa,LLS 215,US Citizenship Comparatively,,US,HP,,,,3.02,87
2018,Fall,2018-fa,LLS 220,Mexican & Latin Am Migration,,,,,,SS,3.2,144
2018,Fall,2018-fa,LLS 227,Latina/Latinos in the Contemporary United States,,US,,,,,NA,NA
2018,Fall,2018-fa,LLS 242,Intro to Latina/o Literature,,US,LA,,,,3.21,354
2018,Fall,2018-fa,LLS 246,Gender & Sexuality in Latina/o Literature,,US,LA,,,,NA,NA
2018,Fall,2018-fa,LLS 250,Latina/os on the Bronze Screen,,US,LA,,,,3.5,76
2018,Fall,2018-fa,LLS 258,Muslims in America,,US,,,,SS,3.81,124
2018,Fall,2018-fa,LLS 260,Graffiti and Murals,,WCC,LA,,,,3.02,191
2018,Fall,2018-fa,LLS 279,Mexican-American History,,US,HP,,,,3.44,178
2018,Fall,2018-fa,LLS 280,Caribbean Latina/o Migration,,US,HP,,,,3.62,179
2018,Fall,2018-fa,LLS 281,Constructing Race in America,,US,HP,,,,3.1,204
2018,Fall,2018-fa,LLS 301,19thC US Latina/o Lit-ACP,ACP,US,HP,,,,2.83,52
2018,Fall,2018-fa,LLS 305,"Theories of Race, Gender, and Sexuality",ACP,,,,,,NA,NA
2018,Fall,2018-fa,LLS 310,Race and Cultural Diversity,ACP,US,,,,,3.2,389
2018,Fall,2018-fa,LLS 322,US Latina and Latino Families,,US,,,,,NA,NA
2018,Fall,2018-fa,LLS 360,Contemporary US Latina/o Lit,,US,LA,,,,3.25,57
2018,Fall,2018-fa,LLS 385,Theory and Methods in LLS,ACP,,,,,,3.36,46
2018,Fall,2018-fa,LLS 392,Chicanas&Latinas: Self&Society,ACP,,,,,,3.63,120
2018,Fall,2018-fa,MACS 100,Intro to Popular TV & Movies,,WCC,LA,,,,3.46,5877
2018,Fall,2018-fa,MACS 101,Intro to the Media,ACP,,,,,,3.55,2514
2018,Fall,2018-fa,MACS 104,Intro to Film,,,LA,,,,3.17,3072
2018,Fall,2018-fa,MACS 117,Shakespeare on Film,,,LA,,,,3.74,29
2018,Fall,2018-fa,MACS 166,Contemporary Media Literacy,,,,,,SS,3.63,78
2018,Fall,2018-fa,MACS 202,Social Aspects Info Tech,,,,,,SS,3.34,944
2018,Fall,2018-fa,MACS 207,Indian Cinema in Context,,NW,LA,,,,3.87,876
2018,Fall,2018-fa,MACS 211,Intro to African-American Film,,US,,,,,NA,NA
2018,Fall,2018-fa,MACS 250,Latina/os on the Bronze Screen,,US,LA,,,,3.5,76
2018,Fall,2018-fa,MACS 261,Survey of World Cinema I,,,LA,,,,3.19,476
2018,Fall,2018-fa,MACS 262,Survey of World Cinema II,,,LA,,,,3.24,430
2018,Fall,2018-fa,MACS 264,Creative and Information Economies,,WCC,HP,,,,NA,NA
2018,Fall,2018-fa,MACS 275,Am Indian and Indigenous Film,,US,LA,,,,3.35,26
2018,Fall,2018-fa,MACS 321,Film Culture,,WCC,,,,,NA,NA
2018,Fall,2018-fa,MACS 351,Social Aspects of Media,,,,,,SS,3.14,1221
2018,Fall,2018-fa,MACS 356,Sex & Gender in Popular Media,,WCC,,,,,3.49,1183
2018,Fall,2018-fa,MATH 103,Theory of Arithmetic,,,,,QR1,,3.16,1246
2018,Fall,2018-fa,MATH 115,Preparation for Calculus,,,,,QR1,,2.37,4671
2018,Fall,2018-fa,MATH 117,Elementary Mathematics,,,,,QR1,,3.18,495
2018,Fall,2018-fa,MATH 119,Ideas in Geometry,,,,,QR1,,3.14,245
2018,Fall,2018-fa,MATH 124,Finite Mathematics,,,,,QR1,,2.98,1909
2018,Fall,2018-fa,MATH 181,A Mathematical World,,,,,QR1,,2.78,1046
2018,Fall,2018-fa,MATH 213,Basic Discrete Mathematics,,,,,QR2,,2.97,1101
2018,Fall,2018-fa,MATH 220,Calculus,,,,,QR1,,2.48,9958
2018,Fall,2018-fa,MATH 221,Calculus I,,,,,QR1,,2.77,9119
2018,Fall,2018-fa,MATH 231,Calculus II,,,,,QR1,,2.73,17820
2018,Fall,2018-fa,MATH 234,Calculus for Business I,,,,,QR1,,2.63,4014
2018,Fall,2018-fa,MATH 241,Calculus III,,,,,QR2,,2.74,21460
2018,Fall,2018-fa,MATH 285,Intro Differential Equations,,,,,QR2,,3.04,10255
2018,Fall,2018-fa,MATH 286,Intro to Differential Eq Plus,,,,,QR2,,2.86,4024
2018,Fall,2018-fa,MATH 347,Fundamental Mathematics,,,,,QR2,,3.05,1919
2018,Fall,2018-fa,MATH 348,Fundamental Mathematics-ACP,ACP,,,,QR2,,2.93,165
2018,Fall,2018-fa,MATH 402,Non Euclidean Geometry,,,,,QR2,,3.24,338
2018,Fall,2018-fa,MATH 405,Teacher's Course,,,,,QR2,,3.5,59
2018,Fall,2018-fa,MATH 414,Mathematical Logic,,,,,QR2,,2.64,54
2018,Fall,2018-fa,MATH 453,Elementary Theory of Numbers,,,,,QR2,,3.26,851
2018,Fall,2018-fa,MCB 100,Introductory Microbiology,,,,LS,,,2.8,3893
2018,Fall,2018-fa,MCB 150,Molec & Cellular Basis of Life,,,,LS,,,2.87,5794
2018,Fall,2018-fa,MCB 170,Society and the Brain,,,,LS,,,3.68,1165
2018,Fall,2018-fa,MCB 180,Human Reproduction & Society,,,,LS,,,2.7,21
2018,Fall,2018-fa,MDIA 223,Watching the Environment,,,,,,SS,2.93,420
2018,Fall,2018-fa,MDVL 111,Ancient to Medieval Art,,,LA,,,,3.3,223
2018,Fall,2018-fa,MDVL 122,"Swords, Sorcery & Sex: The Middle Ages in Popular Culture",,,LA,,,,NA,NA
2018,Fall,2018-fa,MDVL 201,Medieval Lit and Culture,,WCC,LA,,,,3.31,410
2018,Fall,2018-fa,MDVL 216,Legends of King Arthur,,WCC,LA,,,,3.27,32
2018,Fall,2018-fa,MDVL 240,Italy Middle Ages & Renaiss,,,LA,,,,3.49,83
2018,Fall,2018-fa,MDVL 245,"Wives, Workers and Witches in Pre-Modern Europe",,WCC,HP,,,,NA,NA
2018,Fall,2018-fa,MDVL 247,Medieval Europe,,WCC,HP,,,,2.68,89
2018,Fall,2018-fa,MDVL 251,Viking Mythology,,WCC,HP,,,,3.2,880
2018,Fall,2018-fa,MDVL 252,Viking Sagas in Translation,,WCC,LA,,,,3.17,197
2018,Fall,2018-fa,MDVL 255,British Isles to 1688,,WCC,HP,,,,2.87,265
2018,Fall,2018-fa,MDVL 403,European Education to 1600,ACP,WCC,HP,,,,NA,NA
2018,Fall,2018-fa,ME 470,Senior Design Project,ACP,,,,,,3.74,1613
2018,Fall,2018-fa,MILS 120,Intro to US Armed Forces,,,HP,,,,NA,NA
2018,Fall,2018-fa,MSE 101,Materials in Today's World,,,,PS,,,3.29,387
2018,Fall,2018-fa,MSE 307,Materials Laboratory I,ACP,,,,,,3.09,694
2018,Fall,2018-fa,MSE 308,Materials Laboratory II,ACP,,,,,,3.43,619
2018,Fall,2018-fa,MUS 130,Introd to the Art of Music,,WCC,LA,,,,3.32,3548
2018,Fall,2018-fa,MUS 132,Popular Music Studies,,US,LA,,,,3.33,82
2018,Fall,2018-fa,MUS 133,Introduction to World Music,,NW,LA,,,,3.29,6006
2018,Fall,2018-fa,MUS 134,History of Musical Events,,,LA,,,,NA,NA
2018,Fall,2018-fa,MUS 244,Social Foundations of Music Ed,ACP,,,,,,NA,NA
2018,Fall,2018-fa,MUS 313,The History of Music I,,,LA,,,,2.85,837
2018,Fall,2018-fa,MUS 314,The History of Music II,,,LA,,,,2.99,626
2018,Fall,2018-fa,MUS 339,Princpls and Technqs in Mus Ed,,,,,QR2,,3.65,183
2018,Fall,2018-fa,MUSE 250,The World Through Museums,,WCC,,,,SS,3.53,288
2018,Fall,2018-fa,NPRE 101,Introduction to Energy Sources,,,,PS,QR2,,3.06,551
2018,Fall,2018-fa,NPRE 481,Writing on Technol & Security,ACP,,,,,,3.55,217
2018,Fall,2018-fa,NRES 100,Fundamentals of Env Sci,,,,PS,,,3.4,1016
2018,Fall,2018-fa,NRES 202,American Environmental History,,WCC,HP,,,,3.06,120
2018,Fall,2018-fa,NRES 210,Environmental Economics,,,,,,SS,3.18,1337
2018,Fall,2018-fa,NRES 220,Communicating Agriculture,ACP,,,,,,3.39,104
2018,Fall,2018-fa,NRES 223,Watching the Environment,,,,,,SS,2.93,420
2018,Fall,2018-fa,NRES 242,Nature and American Culture,,WCC,,,,,3.44,2802
2018,Fall,2018-fa,NRES 270,Applied Entomology,,,,LS,,,3.12,357
2018,Fall,2018-fa,NRES 287,Environment and Society,,WCC,,,,SS,3.32,907
2018,Fall,2018-fa,NRES 419,Env and Plant Ecosystems,ACP,,,,,,3.26,240
2018,Fall,2018-fa,NS 120,Intro to US Armed Forces,,,HP,,,,NA,NA
2018,Fall,2018-fa,PHIL 100,Intro to Philosophy-ACP,ACP,,HP,,,,3.04,501
2018,Fall,2018-fa,PHIL 101,Introduction to Philosophy,,,HP,,,,3.06,3282
2018,Fall,2018-fa,PHIL 102,Logic and Reasoning,,,HP,,,,3.16,3228
2018,Fall,2018-fa,PHIL 103,Logic and Reasoning QR II,,,HP,,QR2,,3.09,606
2018,Fall,2018-fa,PHIL 104,Intro to Ethics-ACP,ACP,,HP,,,,3.19,137
2018,Fall,2018-fa,PHIL 105,Introduction to Ethics,,,HP,,,,3.13,1515
2018,Fall,2018-fa,PHIL 106,Ethics and Social Policy,,,,,,SS,NA,NA
2018,Fall,2018-fa,PHIL 107,Intro to Political Philosophy,,,,,,SS,3.17,104
2018,Fall,2018-fa,PHIL 108,Religion & Society in West I,,WCC,HP,,,,3.73,917
2018,Fall,2018-fa,PHIL 109,Religion & Society in West II,,WCC,HP,,,,3.71,596
2018,Fall,2018-fa,PHIL 110,World Religions,,NW,HP,,,,3.2,7427
2018,Fall,2018-fa,PHIL 201,Philosophy in Literature,,,HP,,,,NA,NA
2018,Fall,2018-fa,PHIL 202,Symbolic Logic,,,,,QR1,,3.04,461
2018,Fall,2018-fa,PHIL 203,Ancient Philosophy,,,HP,,,,3.07,1080
2018,Fall,2018-fa,PHIL 206,Early Modern Philosophy,,,HP,,,,3.13,957
2018,Fall,2018-fa,PHIL 210,Ethics,,,HP,,,,3.45,150
2018,Fall,2018-fa,PHIL 214,Biomedical Ethics,,,HP,,,,3.32,425
2018,Fall,2018-fa,PHIL 230,Philosophy of Religion Intro,,,HP,,,,3.27,169
2018,Fall,2018-fa,PHIL 231,Religion and Philosophy,,,HP,,,,3.11,74
2018,Fall,2018-fa,PHIL 250,Conceptions of Human Nature,,,HP,,,,3.23,184
2018,Fall,2018-fa,PHIL 270,Philosophy of Science,,,HP,,,,2.86,76
2018,Fall,2018-fa,PHIL 316,Ethics and Engineering,ACP,,HP,,,,3.66,753
2018,Fall,2018-fa,PHIL 419,"Space, Time, and Matter-ACP",ACP,,,,,,3.05,333
2018,Fall,2018-fa,PHIL 453,Formal Logic and Philosophy,,,,,QR2,,NA,NA
2018,Fall,2018-fa,PHIL 454,Advanced Symbolic Logic,,,,,QR2,,NA,NA
2018,Fall,2018-fa,PHYS 101,College Physics: Mech & Heat,,,,PS,QR2,,2.68,6872
2018,Fall,2018-fa,PHYS 102,College Physics: E&M & Modern,,,,PS,QR2,,2.79,4819
2018,Fall,2018-fa,PHYS 123,Physics Made Easy,,,,PS,,,3.88,551
2018,Fall,2018-fa,PHYS 140,How Things Work,,,,PS,QR2,,3.1,1616
2018,Fall,2018-fa,PHYS 150,Physics of Societal Issues,,,,PS,QR2,,3.12,325
2018,Fall,2018-fa,PHYS 211,University Physics: Mechanics,,,,PS,QR2,,2.93,15826
2018,Fall,2018-fa,PHYS 212,University Physics: Elec & Mag,,,,PS,QR2,,2.76,15595
2018,Fall,2018-fa,PHYS 213,Univ Physics: Thermal Physics,,,,PS,QR2,,2.71,9543
2018,Fall,2018-fa,PHYS 214,Univ Physics: Quantum Physics,,,,PS,QR2,,2.77,9784
2018,Fall,2018-fa,PHYS 280,Nuclear Weapons & Arms Control,ACP,,,,,,3.47,465
2018,Fall,2018-fa,PHYS 419,"Space, Time, and Matter-ACP",ACP,,,,,,3.05,333
2018,Fall,2018-fa,PHYS 496,Intro to Physics Research,ACP,,,,,,3.77,118
2018,Fall,2018-fa,PLPA 200,"Plants, Pathogens, and People",ACP,,,LS,,,3.32,1346
2018,Fall,2018-fa,PLPA 204,Introductory Plant Pathology,,,,LS,,,3.36,387
2018,Fall,2018-fa,POL 115,Intro to Polish Culture,,WCC,LA,,,,3.7,270
2018,Fall,2018-fa,PORT 334,Brazilian Women's Lit Trans,,WCC,LA,,,,NA,NA
2018,Fall,2018-fa,PS 100,Intro to Political Science,,,,,,SS,3.08,3050
2018,Fall,2018-fa,PS 101,Intro to US Gov & Pol,,,,,,SS,2.88,3523
2018,Fall,2018-fa,PS 152,The New Middle East,,NW,,,,SS,3.15,290
2018,Fall,2018-fa,PS 200,Foundations of Pol Sci,,,,,,SS,2.4,555
2018,Fall,2018-fa,PS 201,US Racial & Ethnic Politics,,US,,,,SS,3.12,704
2018,Fall,2018-fa,PS 224,Politics of the National Parks,,,,,,SS,3.43,138
2018,Fall,2018-fa,PS 225,Environmental Politics & Policy,,,,,,SS,NA,NA
2018,Fall,2018-fa,PS 240,Intro to Comp Politics,,,,,,SS,3.32,1888
2018,Fall,2018-fa,PS 241,Comp Politics in Dev Nations,,NW,,,,SS,3.05,1098
2018,Fall,2018-fa,PS 242,Introduction to Modern Africa,,NW,,,,,3.67,278
2018,Fall,2018-fa,PS 243,Pan Africanism,,NW,,,,SS,NA,NA
2018,Fall,2018-fa,PS 270,Intro to Political Theory,,,HP,,,,2.96,741
2018,Fall,2018-fa,PS 273,Environment and Society,,WCC,,,,SS,3.32,907
2018,Fall,2018-fa,PS 280,Intro to Intl Relations,,,,,,SS,2.97,3474
2018,Fall,2018-fa,PS 281,Intro to Intl Relations-ACP,ACP,,,,,SS,3.38,94
2018,Fall,2018-fa,PS 282,Governing Globalization,ACP,,,,,SS,3.25,491
2018,Fall,2018-fa,PS 357,Ethnic Conflict,ACP,,,,,,2.91,47
2018,Fall,2018-fa,PSYC 100,Intro Psych,,,,,,BSC,2.9,20537
2018,Fall,2018-fa,PSYC 103,Intro Experimental Psych,,,,,,BSC,2.86,406
2018,Fall,2018-fa,PSYC 105,Psych Introduction,,,,,,BSC,3.52,114
2018,Fall,2018-fa,PSYC 201,Intro to Social Psych,,,,,,BSC,3.32,7196
2018,Fall,2018-fa,PSYC 207,Psychology of Prejudice and Discrimination,,,,,,BSC,NA,NA
2018,Fall,2018-fa,PSYC 210,Behavioral Neuroscience,,,,LS,,,2.68,1892
2018,Fall,2018-fa,PSYC 235,Intro to Statistics,,,,,QR1,,3.07,759
2018,Fall,2018-fa,PSYC 239,Community Psych,,,,,,SS,3.41,1122
2018,Fall,2018-fa,PSYC 301,Psychological Statistics,,,,,QR1,,NA,NA
2018,Fall,2018-fa,PSYC 322,Intro Intellectual Disability,,,,,,BSC,3.4,1414
2018,Fall,2018-fa,PSYC 498,Senior Honors Seminar,ACP,,,,,,NA,NA
2018,Fall,2018-fa,PSYC 499,Senior Honors Seminar II,ACP,,,,,,NA,NA
2018,Fall,2018-fa,REES 115,Intro to Polish Culture,,WCC,LA,,,,3.7,270
2018,Fall,2018-fa,REES 116,Intro to Russian Culture,,WCC,LA,,,,3.63,25
2018,Fall,2018-fa,REES 200,Intro to Russia and Eurasia,,,,,,SS,NA,NA
2018,Fall,2018-fa,REES 201,Introduction to Eastern Europe,,,,,,SS,3.82,56
2018,Fall,2018-fa,REHB 322,Intro Intellectual Disability,,,,,,BSC,3.4,1414
2018,Fall,2018-fa,REHB 330,Disability in American Society,,,,,,SS,3.6,1549
2018,Fall,2018-fa,REL 101,Bible as Literature,,,LA,,,,2.9,436
2018,Fall,2018-fa,REL 104,Asian Mythology,,NW,HP,,,,3.23,2304
2018,Fall,2018-fa,REL 106,Archaeology and the Bible,ACP,,HP,,,,3.34,51
2018,Fall,2018-fa,REL 108,Religion & Society in West I,,WCC,HP,,,,3.73,917
2018,Fall,2018-fa,REL 109,Religion & Society in West II,,WCC,HP,,,,3.71,596
2018,Fall,2018-fa,REL 110,World Religions,,NW,HP,,,,3.2,7427
2018,Fall,2018-fa,REL 115,Language and Culture in India,,NW,,,,,3.74,228
2018,Fall,2018-fa,REL 116,Faith & Self in Global Context,,WCC,,,,,NA,NA
2018,Fall,2018-fa,REL 120,A History of Judaism,ACP,,HP,,,,3.43,404
2018,Fall,2018-fa,REL 121,Introduction to Christianity,,,HP,,,,3.21,97
2018,Fall,2018-fa,REL 122,History East Asian Religions,,NW,HP,,,,3.66,96
2018,Fall,2018-fa,REL 132,Zen,,NW,HP,,,,3.58,491
2018,Fall,2018-fa,REL 160,Ancient Greek & Roman Religion,,WCC,HP,,,,3.31,211
2018,Fall,2018-fa,REL 201,Hebrew Bible in English,,,HP,,,,3.35,28
2018,Fall,2018-fa,REL 208,Cultures & Literatures of South Asia,,NW,LA,,,,NA,NA
2018,Fall,2018-fa,REL 212,History of Antisemitism,,WCC,HP,,,,NA,NA
2018,Fall,2018-fa,REL 213,Intro to Islam - ACP,ACP,NW,HP,,,,3,48
2018,Fall,2018-fa,REL 214,Introduction to Islam,,NW,HP,,,,3.24,354
2018,Fall,2018-fa,REL 215,African Muslim Cultures,,NW,HP,,,,NA,NA
2018,Fall,2018-fa,REL 220,Jewish Storytelling,,WCC,LA,,,,3.53,132
2018,Fall,2018-fa,REL 221,American Judaism,ACP,,,,,,NA,NA
2018,Fall,2018-fa,REL 223,The Qur'an (Koran),,NW,LA,,,,3.18,28
2018,Fall,2018-fa,REL 224,Chinese Thght Confucius to Mao,,NW,HP,,,,2.81,172
2018,Fall,2018-fa,REL 230,Philosophy of Religion Intro,,,HP,,,,3.27,169
2018,Fall,2018-fa,REL 231,Religion and Philosophy,,,HP,,,,3.11,74
2018,Fall,2018-fa,REL 235,History of Religion in America,,,HP,,,,3.19,56
2018,Fall,2018-fa,REL 236,"Religion, Violence & America",,WCC,,,,,3.02,68
2018,Fall,2018-fa,REL 251,Viking Mythology,,WCC,HP,,,,3.2,880
2018,Fall,2018-fa,REL 258,Muslims in America,,US,,,,SS,3.81,124
2018,Fall,2018-fa,REL 260,Mystics and Saints in Islam,,NW,LA,,,,3.08,24
2018,Fall,2018-fa,REL 269,Jewish History Since 1700,,WCC,HP,,,,3.53,141
2018,Fall,2018-fa,REL 270,"Religion, Ethics, Environment",,WCC,HP,,,,3.08,130
2018,Fall,2018-fa,REL 283,Jewish Sacred Literature,,,LA,,,,NA,NA
2018,Fall,2018-fa,REL 284,Modern Jewish Literature,,,LA,,,,NA,NA
2018,Fall,2018-fa,REL 286,Introduction to Hinduism,,NW,HP,,,,3.4,252
2018,Fall,2018-fa,REL 287,Introduction to Buddhism,,NW,HP,,,,3.46,212
2018,Fall,2018-fa,REL 320,Lit Responses to the Holocaust,,WCC,LA,,,,3.44,165
2018,Fall,2018-fa,REL 393,The World of Jewish Sepharad,,WCC,HP,,,,3.17,116
2018,Fall,2018-fa,RHET 233,Adv Rhetoric & Composition,ACP,,,,,,3.44,393
2018,Fall,2018-fa,RSOC 110,Intro to Rural Society,,,,,,SS,3.55,122
2018,Fall,2018-fa,RSOC 270,Population Issues,,,,,,SS,3.05,318
2018,Fall,2018-fa,RST 100,"Recreation, Sport, and Tourism in Modern Society",,,,,,SS,NA,NA
2018,Fall,2018-fa,RST 224,Politics of the National Parks,,,,,,SS,3.43,138
2018,Fall,2018-fa,RST 225,Environmental Politics & Policy,,,,,,SS,NA,NA
2018,Fall,2018-fa,RST 230,"Diversity in Recreation, Sport, and Tourism",,US,,,,,NA,NA
2018,Fall,2018-fa,RST 242,Nature and American Culture,,WCC,,,,,3.44,2802
2018,Fall,2018-fa,RST 335,Leisure and Consumer Culture,,WCC,,,,SS,3.47,1451
2018,Fall,2018-fa,RST 370,Research Methods & Analysis,,,,,QR2,,3.34,822
2018,Fall,2018-fa,RST 410,Administration of Leisure Serv,ACP,,,,,,3.17,756
2018,Fall,2018-fa,RUSS 115,Intro to Russian Culture,,WCC,LA,,,,3.63,25
2018,Fall,2018-fa,RUSS 220,Golden Age of Russian Lit,,,LA,,,,2.8,23
2018,Fall,2018-fa,RUSS 225,Russian Lit and Revolution,,,LA,,,,2.95,44
2018,Fall,2018-fa,RUSS 260,Medicine & Russian Literature,,,LA,,,,NA,NA
2018,Fall,2018-fa,RUSS 261,Intro Russian-Jewish Culture,,WCC,HP,,,,NA,NA
2018,Fall,2018-fa,SAME 150,Lang&Culture of Arab World,,NW,,,,,3.41,615
2018,Fall,2018-fa,SAME 152,The New Middle East,,NW,,,,SS,3.15,290
2018,Fall,2018-fa,SAME 208,Cultures & Literatures of South Asia,,NW,LA,,,,NA,NA
2018,Fall,2018-fa,SAME 213,Intro to Islam - ACP,ACP,NW,HP,,,,3,48
2018,Fall,2018-fa,SAME 214,Introduction to Islam,,NW,HP,,,,3.24,354
2018,Fall,2018-fa,SAME 223,The Qur'an (Koran),,NW,LA,,,,3.18,28
2018,Fall,2018-fa,SAME 260,Mystics and Saints in Islam,,NW,LA,,,,3.08,24
2018,Fall,2018-fa,SCAN 215,"Madness, Myth, and Murder",,,LA,,,,3.1,130
2018,Fall,2018-fa,SCAN 225,Vikings to Volvos: Scandinavia,,WCC,LA,,,,3.54,31
2018,Fall,2018-fa,SCAN 240,Arctic Narratives,,WCC,LA,,,,3.35,24
2018,Fall,2018-fa,SCAN 251,Viking Mythology,,WCC,HP,,,,3.2,880
2018,Fall,2018-fa,SCAN 252,Viking Sagas in Translation,,WCC,LA,,,,3.17,197
2018,Fall,2018-fa,SE 494,Senior Engineering Project I,ACP,,,,,,3.89,158
2018,Fall,2018-fa,SE 495,Senior Engineering Project II,ACP,,,,,,3.89,962
2018,Fall,2018-fa,SHS 120,"Child, Comm, & Lang Ability",,,,,,BSC,3.5,11175
2018,Fall,2018-fa,SHS 222,Language & Culture of Deaf Communities,,US,,,,SS,NA,NA
2018,Fall,2018-fa,SHS 231,Lang Diff Dis: American Persp,,US,,,,,3.65,75
2018,Fall,2018-fa,SHS 270,Comm Disability in the Media,ACP,,,,,SS,3.4,1125
2018,Fall,2018-fa,SHS 271,Communication and Aging,,,,,,SS,3.66,344
2018,Fall,2018-fa,SLAV 117,Russ & E Euro Science Fiction,,,LA,,,,3.69,116
2018,Fall,2018-fa,SLAV 120,Russian & E Euro Folktales,,WCC,LA,,,,3.48,102
2018,Fall,2018-fa,SLCL 200,Topics in Global Culture,,WCC,HP,,,,NA,NA
2018,Fall,2018-fa,SOC 100,Introduction to Sociology,,,,,,SS,3.35,8847
2018,Fall,2018-fa,SOC 101,Sociology of Gender,,,,,,SS,2.64,186
2018,Fall,2018-fa,SOC 108,Religion & Society in West I,,WCC,HP,,,,3.73,917
2018,Fall,2018-fa,SOC 109,Religion & Society in West II,,WCC,HP,,,,3.71,596
2018,Fall,2018-fa,SOC 122,Africa in World Perspective,,NW,,,,SS,3.39,125
2018,Fall,2018-fa,SOC 130,Intro Gender & Women's Studies,,,,,,SS,3.09,1981
2018,Fall,2018-fa,SOC 160,Global Ineq and Social Change,,NW,,,,SS,3.47,605
2018,Fall,2018-fa,SOC 161,Introduction to Poverty,,WCC,,,,SS,2.96,45
2018,Fall,2018-fa,SOC 162,Intro to Intl Health Policy,,WCC,,,,SS,3.38,848
2018,Fall,2018-fa,SOC 179,Social Organization,,,,,,SS,3.56,27
2018,Fall,2018-fa,SOC 201,"Race, Gender & Power",,WCC,,,,,3.45,222
2018,Fall,2018-fa,SOC 202,Sexualities,,WCC,,,,,3.48,408
2018,Fall,2018-fa,SOC 221,Mexican & Latin Am Migration,,,,,,SS,3.2,144
2018,Fall,2018-fa,SOC 222,Introduction to Modern Africa,,NW,,,,,3.67,278
2018,Fall,2018-fa,SOC 224,Asian Am Historical Sociology,,US,,,,,NA,NA
2018,Fall,2018-fa,SOC 225,Race and Ethnicity,,US,,,,SS,3.57,226
2018,Fall,2018-fa,SOC 227,Latina/Latinos in the Contemporary United States,,US,,,,,NA,NA
2018,Fall,2018-fa,SOC 261,Gender in a Transnational Perspective,,,,,,SS,NA,NA
2018,Fall,2018-fa,SOC 270,Population Issues,,,,,,SS,3.05,318
2018,Fall,2018-fa,SOC 273,Social Perspectives on the Family,,,,,,SS,NA,NA
2018,Fall,2018-fa,SOC 280,Intro to Social Statistics,,,,,QR1,,2.92,378
2018,Fall,2018-fa,SOC 350,Technology and Society,,,,,,SS,3.53,678
2018,Fall,2018-fa,SOC 366,Postsocialism Eastern Europe,,WCC,,,,SS,NA,NA
2018,Fall,2018-fa,SOC 373,Social Stratification,,,,,,SS,3.3,368
2018,Fall,2018-fa,SOC 380,Social Research Methods,,,,,QR2,,3.4,687
2018,Fall,2018-fa,SOC 392,Chicanas&Latinas: Self&Society,ACP,,,,,,3.63,120
2018,Fall,2018-fa,SOC 477,Law and Society- ACP,ACP,,,,,,NA,NA
2018,Fall,2018-fa,SOC 488,Demographic Methods,,,,,QR2,,2.84,27
2018,Fall,2018-fa,SOCW 200,Introduction to Social Work,,,,,,SS,3.11,1890
2018,Fall,2018-fa,SOCW 225,Intro Stat for Social Work,,,,,QR1,,2.94,110
2018,Fall,2018-fa,SOCW 240,Death & Dying,,,,,,SS,3.47,244
2018,Fall,2018-fa,SOCW 297,Asian Families in America,,US,,,,SS,3.69,286
2018,Fall,2018-fa,SOCW 300,Diversity: Identities & Issues,ACP,US,,,,,3.4,1191
2018,Fall,2018-fa,SPAN 242,Intro to Latina/o Literature,,US,LA,,,,3.21,354
2018,Fall,2018-fa,SPAN 246,Gender & Sexuality in Latina/o Literature,,US,LA,,,,NA,NA
2018,Fall,2018-fa,SPED 117,The Culture of Disability,,,HP,,,,3.73,5121
2018,Fall,2018-fa,SPED 322,Intro Intellectual Disability,,,,,,BSC,3.4,1414
2018,Fall,2018-fa,STAT 100,Statistics,,,,,QR1,,3.39,23474
2018,Fall,2018-fa,STAT 200,Statistical Analysis,,,,,QR1,,3.45,2971
2018,Fall,2018-fa,STAT 212,Biostatistics,,,,,QR1,,3.42,1307
2018,Fall,2018-fa,THEA 101,Introduction to Theatre Arts,,,LA,,,,3.66,14717
2018,Fall,2018-fa,THEA 102,Text to Stage,,,LA,,,,3.79,294
2018,Fall,2018-fa,THEA 110,Broadway Musicals,,WCC,LA,,,,3.7,409
2018,Fall,2018-fa,THEA 210,The Tragic Spirit,,WCC,LA,,,,3.67,57
2018,Fall,2018-fa,THEA 260,Intro Asian American Theatre,,US,,,,,NA,NA
2018,Fall,2018-fa,THEA 262,Literature of Modern Theatre,ACP,,LA,,,,3.5,286
2018,Fall,2018-fa,THEA 263,Intro African American Theat,,US,,,,,3.19,21
2018,Fall,2018-fa,THEA 323,The Comic Imagination,ACP,WCC,LA,,,,3.32,26
2018,Fall,2018-fa,TRST 201,Intro to Translation Studies,,,LA,,,,3.37,26
2018,Fall,2018-fa,TSM 311,Humanity in the Food Web,ACP,,HP,,,,3.5,1013
2018,Fall,2018-fa,UKR 113,Ukrainian Culture,,WCC,LA,,,,3.84,271
2018,Fall,2018-fa,UP 116,Urban Informatics I,,,,,QR1,,3.5,53
2018,Fall,2018-fa,UP 185,Cities in a Global Perspective,,WCC,,,,SS,3.21,287
2018,Fall,2018-fa,UP 205,Ecology & Environmental Sustainability,,,,LS,,,NA,NA
2018,Fall,2018-fa,UP 210,Environmental Economics,,,,,,SS,3.18,1337
2018,Fall,2018-fa,UP 260,Social Inequality and Planning,,,,,,SS,3.45,451
2018,Fall,2018-fa,UP 312,Communication for Planners,ACP,,,,,,3.3,329
2018,Fall,2018-fa,UP 316,Urban Informatics II,,,,,QR2,,3.32,66
2018,Fall,2018-fa,WRIT 303,Writing Across Media,ACP,,,,,,NA,NA
2018,Fall,2018-fa,YDSH 220,Jewish Storytelling,,WCC,LA,,,,3.53,132
2018,Fall,2018-fa,YDSH 320,Lit Responses to the Holocaust,,WCC,LA,,,,3.44,165
